method,variant,n_seeds,seeds,cdr_mean,cdr_std,far_mean,far_std,f1_mean,f1_std,d_cdr,d_far,d_f1,p_f1_bonf,p_cdr_bonf,p_far_bonf,auprc_mean,threshold_mean,params,epochs_run_mean,git_commits
TR-GAT,full,3,42 123 456,0.46903,0.00146916,0.625657,0.00328971,0.416362,0.00150103,0,0,0,,,,0.401985,0.487091,232226,56.3333,67d73034 a9880d04 debcf385
TR-GAT-NT,no temporal encoding,3,42 123 456,0.468696,0.0118527,0.624993,0.0075302,0.416508,0.000456733,-0.000334396,-0.000663933,0.000146461,1,1,1,0.402535,0.489457,230946,57.6667,3b905a21
abl_no_gating,no relation gating,3,42 123 456,0.443582,0.0101044,0.602147,0.00959324,0.419327,0.00212427,-0.0254479,-0.0235095,0.00296542,0.295937,0.423884,0.439879,0.409947,0.498931,229016,62.3333,caa2e2df
abl_no_gru,no GRU recurrence,3,42 123 456,0.459595,0.0110416,0.617428,0.00839928,0.417417,0.00121995,-0.00943504,-0.00822878,0.00105529,1,1,1,0.403436,0.48383,211426,67,b9abef6f caa2e2df
abl_bce,BCE instead of focal,3,42 123 456,0.458173,0.00680062,0.624362,0.00533627,0.412765,0.00107299,-0.0108573,-0.0012951,-0.00359726,0.519455,0.698449,1,0.397917,0.230115,232226,58.6667,caa2e2df
abl_telemetry_only,telemetry only,3,42 123 456,0.340508,0.00958193,0.596688,0.00780105,0.369125,0.00285919,-0.128522,-0.0289683,-0.047237,0.0103145,0.0186213,0.387899,0.325886,0.479631,232226,69,caa2e2df
abl_no_plan,no filed-plan context,3,42 123 456,0.340254,0.01199,0.618498,0.0112609,0.359454,0.00219295,-0.128776,-0.00715911,-0.0569082,0.0107777,0.0200781,1,0.303876,0.472725,224343,72.6667,caa2e2df
abl_no_conf_gate,no intent-conformance gate,3,42 123 456,0.438406,0.0184136,0.615111,0.015243,0.409462,0.00267261,-0.0306247,-0.0105461,-0.00689977,0.0890736,0.839674,1,0.394204,0.494237,227681,58.3333,3b905a21
abl_no_sync,no AoI synchronisation,3,42 123 456,0.453081,0.00778793,0.624536,0.00490689,0.410575,0.000477569,-0.0159494,-0.00112028,-0.00578694,0.164492,0.831928,1,0.390322,0.493254,231712,53.6667,3b905a21
abl_tbptt,truncated BPTT (1 step),3,42 123 456,0.456713,0.0163257,0.61414,0.0115189,0.418011,0.000970017,-0.0123176,-0.0115169,0.00164938,0.41704,1,1,0.406087,0.485881,232226,63.3333,caa2e2df
