relation,relation_name,layer,delta_bin_lo_s,delta_bin_hi_s,n_edges,attn_mean,attn_std,attn_norm_mean,attn_norm_std,mean_in_degree
0,approaches,1,0,0.25,22708,0.203276,0.172656,1,0.0736538,7.29162
0,approaches,1,0.5,0.75,163680,0.192951,0.182025,1.01499,0.146883,8.52824
0,approaches,1,0.75,1,363202,0.189471,0.179122,1.00462,0.14638,8.52703
0,approaches,1,1,1.25,746620,0.187525,0.180651,0.996598,0.146585,8.58593
0,approaches,1,2,2.25,1466,0.193686,0.168183,0.964768,0.13511,7.33902
0,approaches,1,3,3.25,1422,0.194239,0.172619,0.959348,0.138365,7.37975
0,approaches,1,3.5,3.75,24188,0.211483,0.208978,0.973008,0.137071,8.1349
0,approaches,1,3.75,4,29260,0.183319,0.182126,0.979882,0.137483,8.54518
0,approaches,1,4,4.25,21358,0.199409,0.193615,0.988805,0.138054,7.92265
1,shares_corridor,1,0,0.25,23234,0.198717,0.0948184,1,0.340337,5.63364
1,shares_corridor,1,0.5,0.75,160244,0.198083,0.107381,0.994226,0.430147,5.59278
1,shares_corridor,1,0.75,1,370992,0.198223,0.109858,0.988832,0.436235,5.61387
1,shares_corridor,1,1,1.25,755122,0.197841,0.107875,1.00048,0.440451,5.65814
1,shares_corridor,1,2,2.25,1456,0.196185,0.101942,0.978386,0.402629,5.57898
1,shares_corridor,1,3,3.25,1456,0.201524,0.100858,1.00666,0.396204,5.57898
1,shares_corridor,1,3.5,3.75,27216,0.22086,0.111846,1.07902,0.46308,5.37243
1,shares_corridor,1,3.75,4,30576,0.205591,0.107709,1.05093,0.46156,5.68315
1,shares_corridor,1,4,4.25,23744,0.204339,0.10823,1.04307,0.460085,5.6816
2,is_downwind_of,1,0,0.25,42926,1,0,1,0,1
2,is_downwind_of,1,1,1.25,42894,1,0,1,0,1
2,is_downwind_of,1,2,2.25,42874,1,0,1,0,1
2,is_downwind_of,1,3,3.25,42801,1,0,1,0,1
2,is_downwind_of,1,4,4.25,42775,1,0,1,0,1
4,is_restricted_by,1,0,0.25,6356,0.911422,0.197257,1,0.0166388,1.19163
4,is_restricted_by,1,1,1.25,6381,0.912396,0.196433,1,0.0166547,1.18963
4,is_restricted_by,1,2,2.25,6421,0.91263,0.196467,1,0.0168083,1.18969
4,is_restricted_by,1,3,3.25,6406,0.912114,0.196916,1,0.017245,1.19076
4,is_restricted_by,1,4,4.25,6420,0.909969,0.199192,1,0.0185251,1.19626
4,is_restricted_by,1,5,5.25,6465,0.908275,0.20039,1,0.0196195,1.19923
4,is_restricted_by,1,6,6.25,6478,0.908151,0.200737,1,0.0198877,1.20006
4,is_restricted_by,1,7,7.25,6482,0.908207,0.200949,1,0.020184,1.20056
4,is_restricted_by,1,8,8.25,6480,0.908025,0.201602,1,0.0201479,1.20216
4,is_restricted_by,1,9,9.25,6504,0.907595,0.202029,1,0.0198802,1.20326
