method,kind,seed,checkpoint_epoch,snapshots,scenarios,snapshot_dt_s,lead_s,persistence,threshold,alpha,hysteresis,n_events,n_detected,event_cdr,n_timely_possible,n_timely,timely_cdr,lead_mean_s,lead_median_s,lead_p10_s,lead_frac,n_alert_episodes,n_true_episodes,n_false_episodes,episode_precision,false_episodes_per_uav_hour,false_episode_dur_mean_s,false_episode_dur_median_s,uav_hours,events_per_uav_hour
CPA-Rule,rule,42,,600,10,1,10,1,0.5,1,0,3530,2610,0.739377,3389,1503,0.443494,14.4432,12.7,1.6,0.561704,22736,4701,18035,0.206765,216.42,2.40932,1,83.3333,42.36
CPA-Rule,rule,42,,600,10,1,10,3,0.5,1,0,3530,2046,0.579603,3389,1005,0.296548,12.4168,9.55,0.3,0.475952,6964,2740,4224,0.393452,50.688,4.43963,3,83.3333,42.36
GAT-S,learned,42,28,600,10,1,10,1,0.497492,1,0,3530,2887,0.817847,3389,2169,0.640012,17.7411,20.4,3.06,0.667515,20159,5374,14785,0.266581,177.42,3.13378,2,83.3333,42.36
GAT-S,learned,42,28,600,10,1,10,3,0.497492,1,0,3530,2412,0.683286,3389,1491,0.439953,14.774,15.55,1,0.546588,8621,3274,5347,0.37977,64.164,4.43239,3,83.3333,42.36
GAT-S,learned,123,33,600,10,1,10,1,0.497315,1,0,3530,2896,0.820397,3389,2198,0.648569,17.835,20.4,3,0.670607,20462,5507,14955,0.269133,179.46,3.13173,2,83.3333,42.36
GAT-S,learned,123,33,600,10,1,10,3,0.497315,1,0,3530,2425,0.686969,3389,1553,0.458247,15.0035,15.9,1.1,0.554763,8750,3320,5430,0.379429,65.16,4.41676,3,83.3333,42.36
GAT-S,learned,456,29,600,10,1,10,1,0.48,1,0,3530,2918,0.826629,3389,2205,0.650634,18.1057,21,3.1,0.679572,21119,5467,15652,0.258866,187.824,3.13602,2,83.3333,42.36
GAT-S,learned,456,29,600,10,1,10,3,0.48,1,0,3530,2430,0.688385,3389,1526,0.45028,15.1461,17,1.1,0.560187,8790,3270,5520,0.372014,66.24,4.5875,3,83.3333,42.36
LSTM-P,learned,42,27,600,10,1,10,1,0.488439,1,0,3530,2959,0.838244,3389,2353,0.694305,18.8522,21.3,4,0.70451,21109,5513,15596,0.261168,187.152,3.39016,2,83.3333,42.36
LSTM-P,learned,42,27,600,10,1,10,3,0.488439,1,0,3530,2543,0.720397,3389,1761,0.519622,15.954,18.3,1.7,0.58591,9915,3592,6323,0.362279,75.876,4.46386,3,83.3333,42.36
LSTM-P,learned,123,33,600,10,1,10,1,0.490546,1,0,3530,2971,0.841643,3389,2341,0.690764,18.8364,21.5,3.8,0.703931,21069,5506,15563,0.261332,186.756,3.46816,2,83.3333,42.36
LSTM-P,learned,123,33,600,10,1,10,3,0.490546,1,0,3530,2547,0.72153,3389,1726,0.509295,15.8876,18.3,1.5,0.582914,9948,3594,6354,0.361279,76.248,4.63236,3,83.3333,42.36
LSTM-P,learned,456,33,600,10,1,10,1,0.493132,1,0,3530,2992,0.847592,3389,2381,0.702567,18.8163,21.2,4,0.701423,21052,5720,15332,0.271708,183.984,3.26631,2,83.3333,42.36
LSTM-P,learned,456,33,600,10,1,10,3,0.493132,1,0,3530,2552,0.722946,3389,1710,0.504574,15.6034,17.9,1.4,0.572666,9676,3638,6038,0.375982,72.456,4.30457,3,83.3333,42.36
Plan-CPA,rule,42,,600,10,1,10,1,0.5,1,0,3530,3019,0.855241,3389,2282,0.673355,20.0707,25.4,1.2,0.738021,22000,5868,16132,0.266727,193.584,3.99467,2,83.3333,42.36
Plan-CPA,rule,42,,600,10,1,10,3,0.5,1,0,3530,2342,0.663456,3389,1787,0.527294,19.7771,24.8,1.8,0.713947,11055,3599,7456,0.325554,89.472,5.13841,3,83.3333,42.36
STGCN,learned,42,16,600,10,1,10,1,0.492353,1,0,3530,2946,0.834561,3389,2291,0.676011,18.2886,21.1,3.4,0.685323,20463,5296,15167,0.258809,182.004,3.34799,2,83.3333,42.36
STGCN,learned,42,16,600,10,1,10,3,0.492353,1,0,3530,2480,0.70255,3389,1610,0.475066,15.3133,17.55,1.1,0.565405,9232,3364,5868,0.364385,70.416,4.62713,3,83.3333,42.36
STGCN,learned,123,25,600,10,1,10,1,0.492317,1,0,3530,2920,0.827195,3389,2258,0.666273,18.1502,21,3.19,0.680578,20164,5398,14766,0.267705,177.192,3.24922,2,83.3333,42.36
STGCN,learned,123,25,600,10,1,10,3,0.492317,1,0,3530,2447,0.693201,3389,1598,0.471526,15.2435,16.6,1.1,0.562748,8891,3340,5551,0.375661,66.612,4.53576,3,83.3333,42.36
STGCN,learned,456,24,600,10,1,10,1,0.481666,1,0,3530,2968,0.840793,3389,2341,0.690764,18.5736,21.4,3.4,0.692644,20859,5537,15322,0.265449,183.864,3.3414,2,83.3333,42.36
STGCN,learned,456,24,600,10,1,10,3,0.481666,1,0,3530,2500,0.708215,3389,1696,0.500443,15.8692,18.8,1.3,0.582725,9485,3465,6020,0.365314,72.24,4.51645,3,83.3333,42.36
TR-GAT,trgat,42,46,600,10,1,10,1,0.482464,1,0,3530,3018,0.854958,3389,2470,0.728829,19.6432,21.9,4.6,0.729068,23328,6066,17262,0.260031,207.144,3.42875,2,83.3333,42.36
TR-GAT,trgat,42,46,600,10,1,10,3,0.482464,1,0,3530,2619,0.741926,3389,1868,0.551195,16.7022,19.4,2.2,0.608326,10943,3864,7079,0.353102,84.948,4.50883,3,83.3333,42.36
TR-GAT,trgat,123,41,600,10,1,10,1,0.486466,1,0,3530,3015,0.854108,3389,2433,0.717911,19.6555,21.9,4.54,0.730418,23941,5893,18048,0.246147,216.576,3.39062,2,83.3333,42.36
TR-GAT,trgat,123,41,600,10,1,10,3,0.486466,1,0,3530,2603,0.737394,3389,1830,0.539982,16.7506,19.4,2,0.612122,11100,3769,7331,0.33955,87.972,4.46569,3,83.3333,42.36
TR-GAT,trgat,456,37,600,10,1,10,1,0.492344,1,0,3530,3019,0.855241,3389,2448,0.722337,19.782,22.1,4.4,0.733802,23004,5973,17031,0.25965,204.372,3.53532,2,83.3333,42.36
TR-GAT,trgat,456,37,600,10,1,10,3,0.492344,1,0,3530,2599,0.736261,3389,1864,0.550015,17.033,19.7,2,0.620229,11046,3822,7224,0.346008,86.688,4.57157,3,83.3333,42.36
TR-GAT-NT,trgat,42,46,600,10,1,10,1,0.48406,1,0,3530,3043,0.86204,3389,2482,0.732369,19.7179,21.9,4.8,0.731508,24248,6092,18156,0.251237,217.872,3.40438,2,83.3333,42.36
TR-GAT-NT,trgat,42,46,600,10,1,10,3,0.48406,1,0,3530,2613,0.740227,3389,1874,0.552965,16.8228,19.5,2.1,0.612791,11205,3838,7367,0.342526,88.404,4.50536,3,83.3333,42.36
TR-GAT-NT,trgat,123,45,600,10,1,10,1,0.491028,1,0,3530,3033,0.859207,3389,2479,0.731484,19.6721,21.8,5.1,0.73036,24033,6056,17977,0.251987,215.724,3.4642,2,83.3333,42.36
TR-GAT-NT,trgat,123,45,600,10,1,10,3,0.491028,1,0,3530,2630,0.745042,3389,1870,0.551785,16.6723,19.35,1.8,0.607976,11298,3856,7442,0.341299,89.304,4.53762,3,83.3333,42.36
TR-GAT-NT,trgat,456,37,600,10,1,10,1,0.493282,1,0,3530,2980,0.844193,3389,2410,0.711124,19.54,21.8,4.5,0.726651,22377,5852,16525,0.261519,198.3,3.40545,2,83.3333,42.36
TR-GAT-NT,trgat,456,37,600,10,1,10,3,0.493282,1,0,3530,2541,0.71983,3389,1776,0.524048,16.6376,19.5,2.1,0.608606,10475,3673,6802,0.350644,81.624,4.41958,3,83.3333,42.36
Tfm-P,learned,42,27,600,10,1,10,1,0.485474,1,0,3530,2968,0.840793,3389,2333,0.688404,18.7156,21.3,3.9,0.699625,21004,5446,15558,0.259284,186.696,3.4991,2,83.3333,42.36
Tfm-P,learned,42,27,600,10,1,10,3,0.485474,1,0,3530,2538,0.71898,3389,1722,0.508114,15.9279,18.3,1.7,0.583396,9830,3479,6351,0.353917,76.212,4.70934,3,83.3333,42.36
Tfm-P,learned,123,27,600,10,1,10,1,0.488387,1,0,3530,2975,0.842776,3389,2369,0.699026,18.9758,21.7,4.1,0.708899,21520,5531,15989,0.257017,191.868,3.51542,2,83.3333,42.36
Tfm-P,learned,123,27,600,10,1,10,3,0.488387,1,0,3530,2576,0.729745,3389,1745,0.514901,15.979,18.7,1.8,0.58576,10169,3588,6581,0.352837,78.972,4.70324,3,83.3333,42.36
Tfm-P,learned,456,26,600,10,1,10,1,0.487564,1,0,3530,2991,0.847309,3389,2377,0.701387,19.3726,22.2,3.8,0.721533,21750,5470,16280,0.251494,195.36,3.52549,2,83.3333,42.36
Tfm-P,learned,456,26,600,10,1,10,3,0.487564,1,0,3530,2597,0.735694,3389,1828,0.539392,16.7505,19.8,1.8,0.612419,10296,3610,6686,0.350622,80.232,4.74708,3,83.3333,42.36
VO,rule,42,,600,10,1,10,1,0.5,1,0,3530,1783,0.505099,3389,762,0.224845,10.3688,7.4,0.3,0.409841,9502,4201,5301,0.442117,63.612,1.15299,1,83.3333,42.36
VO,rule,42,,600,10,1,10,3,0.5,1,0,3530,249,0.0705382,3389,76,0.0224255,7.09799,5.3,0,0.285233,424,267,157,0.629717,1.884,1.33121,1,83.3333,42.36
abl_bce,trgat,42,46,600,10,1,10,1,0.2252,1,0,3530,2962,0.839093,3389,2367,0.698436,19.2265,21.6,4,0.716381,21998,5826,16172,0.264842,194.064,3.47644,2,83.3333,42.36
abl_bce,trgat,42,46,600,10,1,10,3,0.2252,1,0,3530,2535,0.71813,3389,1786,0.526999,16.4594,19.3,1.8,0.602371,10352,3674,6678,0.354907,80.136,4.56529,3,83.3333,42.36
abl_bce,trgat,123,45,600,10,1,10,1,0.242275,1,0,3530,2985,0.845609,3389,2418,0.713485,19.3911,21.7,4.5,0.721523,22944,5799,17145,0.252746,205.74,3.52563,2,83.3333,42.36
abl_bce,trgat,123,45,600,10,1,10,3,0.242275,1,0,3530,2575,0.729462,3389,1810,0.534081,16.596,19.3,2,0.605993,10902,3731,7171,0.342231,86.052,4.62488,3,83.3333,42.36
abl_bce,trgat,456,40,600,10,1,10,1,0.22287,1,0,3530,2984,0.845326,3389,2368,0.698731,19.1601,21.5,3.9,0.714123,21909,5668,16241,0.258706,194.892,3.60803,2,83.3333,42.36
abl_bce,trgat,456,40,600,10,1,10,3,0.22287,1,0,3530,2553,0.723229,3389,1787,0.527294,16.4688,19.2,1.8,0.602843,10634,3686,6948,0.346624,83.376,4.6979,3,83.3333,42.36
abl_no_conf_gate,trgat,42,46,600,10,1,10,1,0.486823,1,0,3530,2963,0.839377,3389,2324,0.685748,18.9105,21.6,3.7,0.705487,22052,5783,16269,0.262244,195.228,3.23929,2,83.3333,42.36
abl_no_conf_gate,trgat,42,46,600,10,1,10,3,0.486823,1,0,3530,2523,0.714731,3389,1729,0.51018,15.9706,19.1,1.5,0.584607,9916,3633,6283,0.366378,75.396,4.34331,3,83.3333,42.36
abl_no_conf_gate,trgat,123,45,600,10,1,10,1,0.497206,1,0,3530,2989,0.846742,3389,2369,0.699026,19.2412,21.9,4.08,0.715939,23049,5818,17231,0.252419,206.772,3.50061,2,83.3333,42.36
abl_no_conf_gate,trgat,123,45,600,10,1,10,3,0.497206,1,0,3530,2555,0.723796,3389,1783,0.526114,16.4732,19.5,1.74,0.60232,10842,3683,7159,0.339697,85.908,4.60609,3,83.3333,42.36
abl_no_conf_gate,trgat,456,39,600,10,1,10,1,0.498682,1,0,3530,2925,0.828612,3389,2257,0.665978,18.5466,21.2,3.6,0.694598,20962,5550,15412,0.264765,184.944,3.18609,2,83.3333,42.36
abl_no_conf_gate,trgat,456,39,600,10,1,10,3,0.498682,1,0,3530,2441,0.691501,3389,1589,0.46887,15.4477,18.5,1.2,0.569629,9306,3427,5879,0.368257,70.548,4.27233,3,83.3333,42.36
abl_no_gating,trgat,42,46,600,10,1,10,1,0.488002,1,0,3530,2995,0.848442,3389,2404,0.709354,19.2064,21.6,4.4,0.714419,22310,6042,16268,0.27082,195.216,3.2323,2,83.3333,42.36
abl_no_gating,trgat,42,46,600,10,1,10,3,0.488002,1,0,3530,2557,0.724363,3389,1748,0.515786,16.163,19,1.96,0.59094,10126,3711,6415,0.366482,76.98,4.21154,3,83.3333,42.36
abl_no_gating,trgat,123,45,600,10,1,10,1,0.504645,1,0,3530,2992,0.847592,3389,2399,0.707878,19.1698,21.6,4.1,0.714148,22488,5960,16528,0.26503,198.336,3.27922,2,83.3333,42.36
abl_no_gating,trgat,123,45,600,10,1,10,3,0.504645,1,0,3530,2555,0.723796,3389,1753,0.517262,16.1297,18.9,1.8,0.590396,10234,3721,6513,0.363592,78.156,4.35329,3,83.3333,42.36
abl_no_gating,trgat,456,51,600,10,1,10,1,0.504147,1,0,3530,2931,0.830312,3389,2306,0.680437,19.0324,21.4,3.8,0.711077,21135,5791,15344,0.274,184.128,3.13803,2,83.3333,42.36
abl_no_gating,trgat,456,51,600,10,1,10,3,0.504147,1,0,3530,2454,0.695184,3389,1660,0.48982,16.2096,19.1,1.7,0.595958,9195,3505,5690,0.381185,68.28,4.28664,3,83.3333,42.36
abl_no_gru,trgat,42,52,600,10,1,10,1,0.476134,1,0,3530,3005,0.851275,3389,2463,0.726763,19.7284,22,4.74,0.732288,23064,6014,17050,0.260753,204.6,3.49296,2,83.3333,42.36
abl_no_gru,trgat,42,52,600,10,1,10,3,0.476134,1,0,3530,2585,0.732295,3389,1854,0.547064,17.0044,19.6,2.2,0.619922,10827,3747,7080,0.346079,84.96,4.60508,3,83.3333,42.36
abl_no_gru,trgat,123,56,600,10,1,10,1,0.489162,1,0,3530,2996,0.848725,3389,2461,0.726173,19.8475,22.2,4.6,0.736459,22783,6021,16762,0.264276,201.144,3.48186,2,83.3333,42.36
abl_no_gru,trgat,123,56,600,10,1,10,3,0.489162,1,0,3530,2552,0.722946,3389,1837,0.542048,17.0864,19.7,2.11,0.621825,10590,3727,6863,0.351936,82.356,4.65234,3,83.3333,42.36
abl_no_gru,trgat,456,48,600,10,1,10,1,0.486195,1,0,3530,2972,0.841926,3389,2370,0.699321,19.3121,21.7,4.4,0.719447,22100,5922,16178,0.267964,194.136,3.29213,2,83.3333,42.36
abl_no_gru,trgat,456,48,600,10,1,10,3,0.486195,1,0,3530,2513,0.711898,3389,1760,0.519327,16.6389,19.5,1.9,0.608349,9996,3683,6313,0.368447,75.756,4.43529,3,83.3333,42.36
abl_no_plan,trgat,42,58,600,10,1,10,1,0.47596,1,0,3530,2575,0.729462,3389,1490,0.439658,13.8251,12.8,2.04,0.54158,17944,4393,13551,0.244817,162.612,2.86761,1,83.3333,42.36
abl_no_plan,trgat,42,58,600,10,1,10,3,0.47596,1,0,3530,2091,0.592351,3389,978,0.288581,10.9938,9.1,0.4,0.424548,6590,2526,4064,0.383308,48.768,4.72564,3,83.3333,42.36
abl_no_plan,trgat,123,61,600,10,1,10,1,0.46902,1,0,3530,2624,0.743343,3389,1591,0.46946,14.4872,13.6,2.4,0.564034,19689,4458,15231,0.226421,182.772,3.00499,1,83.3333,42.36
abl_no_plan,trgat,123,61,600,10,1,10,3,0.46902,1,0,3530,2192,0.620963,3389,1085,0.320153,11.6471,9.8,0.4,0.445503,7512,2718,4794,0.361821,57.528,4.88798,3,83.3333,42.36
abl_no_plan,trgat,456,54,600,10,1,10,1,0.473194,1,0,3530,2596,0.735411,3389,1518,0.44792,13.9636,12.8,2.2,0.547211,18448,4392,14056,0.238075,168.672,3.05137,1,83.3333,42.36
abl_no_plan,trgat,456,54,600,10,1,10,3,0.473194,1,0,3530,2166,0.613598,3389,1014,0.299203,10.9886,9,0.4,0.424232,7138,2637,4501,0.369431,54.012,4.94757,3,83.3333,42.36
abl_no_sync,trgat,42,38,600,10,1,10,1,0.490648,1,0,3530,2932,0.830595,3389,2368,0.698731,19.8988,22,4.8,0.74073,22427,5659,16768,0.25233,201.216,3.58135,2,83.3333,42.36
abl_no_sync,trgat,42,38,600,10,1,10,3,0.490648,1,0,3530,2541,0.71983,3389,1773,0.523163,16.9912,19.3,2,0.61908,10726,3591,7135,0.334794,85.62,4.68942,3,83.3333,42.36
abl_no_sync,trgat,123,41,600,10,1,10,1,0.492752,1,0,3530,2938,0.832295,3389,2329,0.687223,19.4653,21.7,4.1,0.725612,22233,5705,16528,0.256601,198.336,3.38486,2,83.3333,42.36
abl_no_sync,trgat,123,41,600,10,1,10,3,0.492752,1,0,3530,2524,0.715014,3389,1721,0.507819,16.4951,18.9,1.8,0.602761,10249,3580,6669,0.349302,80.028,4.48928,3,83.3333,42.36
abl_no_sync,trgat,456,37,600,10,1,10,1,0.496361,1,0,3530,2942,0.833428,3389,2353,0.694305,19.5574,21.6,4.8,0.727541,22007,5658,16349,0.2571,196.188,3.48297,2,83.3333,42.36
abl_no_sync,trgat,456,37,600,10,1,10,3,0.496361,1,0,3530,2536,0.718414,3389,1759,0.519032,16.6594,19,2,0.608499,10391,3634,6757,0.349726,81.084,4.59597,3,83.3333,42.36
abl_tbptt,trgat,42,52,600,10,1,10,1,0.473533,1,0,3530,3005,0.851275,3389,2440,0.719976,19.7006,22,4.7,0.732016,23334,6100,17234,0.261421,206.808,3.47337,2,83.3333,42.36
abl_tbptt,trgat,42,52,600,10,1,10,3,0.473533,1,0,3530,2597,0.735694,3389,1874,0.552965,16.9734,19.6,2.1,0.618686,10950,3837,7113,0.350411,85.356,4.58245,3,83.3333,42.36
abl_tbptt,trgat,123,41,600,10,1,10,1,0.494195,1,0,3530,2982,0.844759,3389,2372,0.699911,19.3153,21.7,4.2,0.719796,22920,5775,17145,0.251963,205.74,3.34033,2,83.3333,42.36
abl_tbptt,trgat,123,41,600,10,1,10,3,0.494195,1,0,3530,2561,0.725496,3389,1757,0.518442,16.3614,19.3,1.6,0.598986,10566,3649,6917,0.345353,83.004,4.37878,3,83.3333,42.36
abl_tbptt,trgat,456,52,600,10,1,10,1,0.489915,1,0,3530,2949,0.835411,3389,2332,0.688109,19.0967,21.6,4,0.712683,21469,5897,15572,0.274675,186.864,3.26805,2,83.3333,42.36
abl_tbptt,trgat,456,52,600,10,1,10,3,0.489915,1,0,3530,2484,0.703683,3389,1719,0.507229,16.2646,19.1,1.7,0.596357,9720,3660,6060,0.376543,72.72,4.37475,3,83.3333,42.36
abl_telemetry_only,trgat,42,49,600,10,1,10,1,0.478438,1,0,3530,2629,0.744759,3389,1554,0.458542,14.3166,12.8,2.3,0.557328,19199,4543,14656,0.236627,175.872,2.83959,1,83.3333,42.36
abl_telemetry_only,trgat,42,49,600,10,1,10,3,0.478438,1,0,3530,2227,0.630878,3389,1050,0.309826,11.3382,9.1,0.5,0.435179,7271,2785,4486,0.383028,53.832,4.4971,3,83.3333,42.36
abl_telemetry_only,trgat,123,61,600,10,1,10,1,0.482186,1,0,3530,2616,0.741076,3389,1490,0.439658,13.9667,12.25,2.2,0.545435,18279,4451,13828,0.243503,165.936,2.77683,1,83.3333,42.36
abl_telemetry_only,trgat,123,61,600,10,1,10,3,0.482186,1,0,3530,2185,0.61898,3389,1002,0.295662,11.1815,8.6,0.5,0.431037,6921,2736,4185,0.395319,50.22,4.35532,3,83.3333,42.36
abl_telemetry_only,trgat,456,52,600,10,1,10,1,0.478269,1,0,3530,2614,0.74051,3389,1476,0.435527,13.6252,11.85,2.2,0.533873,18186,4624,13562,0.254262,162.744,2.72298,1,83.3333,42.36
abl_telemetry_only,trgat,456,52,600,10,1,10,3,0.478269,1,0,3530,2172,0.615297,3389,951,0.280614,10.5129,8.2,0.4,0.407418,6783,2689,4094,0.396432,49.128,4.18784,3,83.3333,42.36
