budget,budget_kind,kind,method,seed,alpha,checkpoint_epoch,episode_precision,event_cdr,events_per_uav_hour,false_episode_dur_mean_s,false_episode_dur_median_s,false_episodes_per_uav_hour,feasible,hysteresis,lead_frac,lead_mean_s,lead_median_s,lead_p10_s,lead_s,n_alert_episodes,n_detected,n_events,n_false_episodes,n_timely,n_timely_possible,n_true_episodes,persistence,scenarios,snapshot_dt_s,snapshots,threshold,timely_cdr,uav_hours,val_event_cdr,val_false_episodes_per_uav_hour
20,fixed_20,rule,CPA-Rule,42,,,,,,,,,0,,,,,,10,,,,,,,,,10,1,600,,,,,
50,fixed_50,rule,CPA-Rule,42,,,,,,,,,0,,,,,,10,,,,,,,,,10,1,600,,,,,
100,fixed_100,rule,CPA-Rule,42,,,,,,,,,0,,,,,,10,,,,,,,,,10,1,600,,,,,
173.988,match_CPA-Rule,rule,CPA-Rule,42,1,,0.206765,0.739377,42.36,2.40932,1,216.42,1,0,0.561704,14.4432,12.7,1.6,10,22736,2610,3530,18035,1503,3389,4701,1,10,1,600,0.5,0.443494,83.3333,0.747471,173.988
20,fixed_20,learned,GAT-S,42,0.5,28,0.551582,0.593201,42.36,9.68962,7,20.916,1,0.15,0.442745,10.7473,8.4,0.5,10,3887,2094,3530,1743,928,3389,2144,1,10,1,600,0.575225,0.273827,83.3333,0.598112,17.832
50,fixed_50,learned,GAT-S,42,0.5,28,0.354743,0.756657,42.36,12.3042,10,60.156,1,0.15,0.594738,15.5083,16,1.8,10,7769,2671,3530,5013,1750,3389,2756,1,10,1,600,0.503125,0.516377,83.3333,0.743425,47.844
100,fixed_100,learned,GAT-S,42,0.5,28,0.241454,0.877904,42.36,15.1602,14,121.428,1,0.15,0.768957,20.8144,23.2,5.6,10,13340,3099,3530,10119,2615,3389,3221,1,10,1,600,0.443521,0.771614,83.3333,0.871207,99.372
173.988,match_CPA-Rule,learned,GAT-S,42,0.5,28,0.17602,0.947592,42.36,18.0347,17,192.396,1,0.15,0.884812,24.2847,27.7,11.3,10,19458,3345,3530,16033,3060,3389,3425,1,10,1,600,0.373999,0.902921,83.3333,0.947741,164.712
20,fixed_20,learned,GAT-S,123,0.5,33,0.555966,0.581586,42.36,9.96136,7,20.184,1,0.15,0.44895,10.8142,8.4,0.6,10,3788,2053,3530,1682,914,3389,2106,1,10,1,600,0.574252,0.269696,83.3333,0.599123,17.496
50,fixed_50,learned,GAT-S,123,0.5,33,0.357346,0.753541,42.36,12.1603,10,59.736,1,0.15,0.597438,15.5708,16.1,1.7,10,7746,2660,3530,4978,1772,3389,2768,1,10,1,600,0.50404,0.522868,83.3333,0.741403,47.124
100,fixed_100,learned,GAT-S,123,0.5,33,0.242267,0.877337,42.36,14.8697,13,121.116,1,0.15,0.768205,20.782,23.2,5.56,10,13320,3097,3530,10093,2613,3389,3227,1,10,1,600,0.439258,0.771024,83.3333,0.870196,98.7
173.988,match_CPA-Rule,learned,GAT-S,123,0.5,33,0.175643,0.947309,42.36,17.7799,17,192.672,1,0.15,0.884131,24.2654,27.7,11.3,10,19477,3344,3530,16056,3063,3389,3421,1,10,1,600,0.364605,0.903806,83.3333,0.953473,163.308
20,fixed_20,learned,GAT-S,456,0.5,29,0.558108,0.562323,42.36,10.013,7,19.392,1,0.15,0.457902,10.957,8.1,0.5,10,3657,1985,3530,1616,865,3389,2041,1,10,1,600,0.564257,0.255238,83.3333,0.59002,17.316
50,fixed_50,learned,GAT-S,456,0.5,29,0.354264,0.748159,42.36,12.516,10,59.976,1,0.15,0.604156,15.7328,16.6,1.7,10,7740,2641,3530,4998,1718,3389,2742,1,10,1,600,0.488107,0.506934,83.3333,0.74646,48.972
100,fixed_100,learned,GAT-S,456,0.25,29,0.24104,0.875637,42.36,18.1611,17,117.396,1,0.15,0.765624,20.6637,23,5.9,10,12890,3091,3530,9783,2606,3389,3107,1,10,1,600,0.394053,0.768958,83.3333,0.862778,96.492
173.988,match_CPA-Rule,learned,GAT-S,456,0.5,29,0.171048,0.947875,42.36,18.039,17,198.66,1,0.15,0.888342,24.3761,27.7,11.45,10,19971,3346,3530,16555,3067,3389,3416,1,10,1,600,0.353013,0.904987,83.3333,0.950101,170.28
20,fixed_20,learned,LSTM-P,42,0.5,27,0.564793,0.594901,42.36,9.81868,7,19.788,1,0.15,0.442808,10.719,8,0.5,10,3789,2100,3530,1649,915,3389,2140,1,10,1,600,0.572429,0.269991,83.3333,0.59474,16.536
50,fixed_50,learned,LSTM-P,42,0.5,27,0.363564,0.760057,42.36,12.4811,11,57.768,1,0.15,0.597598,15.5889,16.2,1.9,10,7564,2683,3530,4814,1800,3389,2750,1,10,1,600,0.503504,0.53113,83.3333,0.746123,45.648
100,fixed_100,learned,LSTM-P,42,0.5,27,0.252818,0.871671,42.36,15.4985,14,112.176,1,0.15,0.768638,20.7762,23,5.5,10,12511,3077,3530,9348,2599,3389,3163,1,10,1,600,0.448557,0.766893,83.3333,0.870533,89.928
173.988,match_CPA-Rule,learned,LSTM-P,42,0.5,27,0.171787,0.96119,42.36,19.2361,18,198.612,1,0.15,0.906897,24.9487,28.5,12.92,10,19984,3393,3530,16551,3143,3389,3433,1,10,1,600,0.358257,0.927412,83.3333,0.96089,168.588
20,fixed_20,learned,LSTM-P,123,0.5,33,0.558733,0.600283,42.36,9.40514,7,20.556,1,0.15,0.448855,10.895,7.9,0.4,10,3882,2119,3530,1713,926,3389,2169,1,10,1,600,0.579799,0.273237,83.3333,0.598449,16.788
50,fixed_50,learned,LSTM-P,123,0.5,33,0.365814,0.751558,42.36,12.1319,10,56.856,1,0.15,0.595261,15.4973,15.7,1.9,10,7471,2653,3530,4738,1749,3389,2733,1,10,1,600,0.507831,0.516081,83.3333,0.747808,44.928
100,fixed_100,learned,LSTM-P,123,0.5,33,0.255868,0.875071,42.36,15.0495,13,111.468,1,0.15,0.770377,20.8397,23.3,5.4,10,12483,3089,3530,9289,2605,3389,3194,1,10,1,600,0.449485,0.768663,83.3333,0.871207,89.064
173.988,match_CPA-Rule,learned,LSTM-P,123,0.5,33,0.171353,0.963739,42.36,19.0629,18,199.8,1,0.15,0.908811,25.0038,28.6,12.91,10,20093,3402,3530,16650,3149,3389,3443,1,10,1,600,0.347503,0.929183,83.3333,0.964936,170.196
20,fixed_20,learned,LSTM-P,456,0.5,33,0.557078,0.607649,42.36,9.46163,7,20.952,1,0.15,0.442309,10.7908,8.7,0.5,10,3942,2145,3530,1746,958,3389,2196,1,10,1,600,0.571406,0.282679,83.3333,0.609575,17.1
50,fixed_50,learned,LSTM-P,456,0.5,33,0.368743,0.76289,42.36,12.3596,10,56.904,1,0.15,0.597478,15.6254,16.4,2,10,7512,2693,3530,4742,1832,3389,2770,1,10,1,600,0.506827,0.540572,83.3333,0.747471,45.66
100,fixed_100,learned,LSTM-P,456,0.5,33,0.254849,0.878187,42.36,15.2685,14,112.032,1,0.15,0.770808,20.8699,23.2,5.4,10,12529,3100,3530,9336,2611,3389,3193,1,10,1,600,0.449468,0.770434,83.3333,0.874916,89.976
173.988,match_CPA-Rule,learned,LSTM-P,456,0.5,33,0.170994,0.966006,42.36,19.2144,18,200.364,1,0.15,0.911085,25.0811,28.8,12.8,10,20141,3410,3530,16697,3159,3389,3444,1,10,1,600,0.354667,0.932133,83.3333,0.966959,170.184
20,fixed_20,rule,Plan-CPA,42,,,,,,,,,0,,,,,,10,,,,,,,,,10,1,600,,,,,
50,fixed_50,rule,Plan-CPA,42,,,,,,,,,0,,,,,,10,,,,,,,,,10,1,600,,,,,
100,fixed_100,rule,Plan-CPA,42,,,,,,,,,0,,,,,,10,,,,,,,,,10,1,600,,,,,
173.988,match_CPA-Rule,rule,Plan-CPA,42,1,,0.266727,0.855241,42.36,3.99467,2,193.584,1,0,0.738021,20.0707,25.4,1.2,10,22000,3019,3530,16132,2282,3389,5868,1,10,1,600,0.5,0.673355,83.3333,0.854349,160.848
20,fixed_20,learned,STGCN,42,1,16,0.554626,0.566856,42.36,5.68697,4,21.084,1,0.15,0.403625,9.62514,6.4,0.6,10,3945,2001,3530,1757,804,3389,2188,1,10,1,600,0.625949,0.237238,83.3333,0.596426,18.708
50,fixed_50,learned,STGCN,42,0.5,16,0.370959,0.753258,42.36,12.9173,11,56.04,1,0.15,0.584194,15.17,15.2,1.5,10,7424,2659,3530,4670,1696,3389,2754,1,10,1,600,0.504678,0.500443,83.3333,0.743425,44.676
100,fixed_100,learned,STGCN,42,0.5,16,0.24328,0.881303,42.36,15.7126,14,120.936,1,0.15,0.769769,20.8285,22.8,5.8,10,13318,3111,3530,10078,2641,3389,3240,1,10,1,600,0.442227,0.779286,83.3333,0.872893,98.172
173.988,match_CPA-Rule,learned,STGCN,42,0.5,16,0.171891,0.952691,42.36,18.9398,18,197.832,1,0.15,0.885465,24.2986,27.2,11.92,10,19908,3363,3530,16486,3091,3389,3422,1,10,1,600,0.368036,0.912068,83.3333,0.951113,164.928
20,fixed_20,learned,STGCN,123,0.5,25,0.559577,0.584419,42.36,9.87702,8,20.004,1,0.15,0.446067,10.7101,8.2,0.5,10,3785,2063,3530,1667,908,3389,2118,1,10,1,600,0.579221,0.267926,83.3333,0.595752,16.248
50,fixed_50,learned,STGCN,123,0.5,25,0.36515,0.75864,42.36,12.6708,11,58.104,1,0.15,0.597286,15.5883,16,1.7,10,7627,2678,3530,4842,1777,3389,2785,1,10,1,600,0.501514,0.524343,83.3333,0.740054,46.272
100,fixed_100,learned,STGCN,123,0.5,25,0.244369,0.883003,42.36,15.4729,14,120.372,1,0.15,0.768569,20.8251,23.1,5.4,10,13275,3117,3530,10031,2644,3389,3244,1,10,1,600,0.439086,0.780171,83.3333,0.874579,97.956
173.988,match_CPA-Rule,learned,STGCN,123,0.5,25,0.176829,0.950992,42.36,18.7045,18,191.328,1,0.15,0.884065,24.2803,27.5,11.5,10,19369,3357,3530,15944,3073,3389,3425,1,10,1,600,0.368192,0.906757,83.3333,0.948753,159.576
20,fixed_20,learned,STGCN,456,0.5,24,0.567029,0.590935,42.36,10.3274,8,19.572,1,0.15,0.444941,10.7671,8.5,0.5,10,3767,2086,3530,1631,943,3389,2136,1,10,1,600,0.55883,0.278253,83.3333,0.5971,16.5
50,fixed_50,learned,STGCN,456,0.5,24,0.368393,0.762606,42.36,12.7931,11,57.072,1,0.15,0.593057,15.5006,16.6,1.6,10,7530,2692,3530,4756,1797,3389,2774,1,10,1,600,0.493158,0.530245,83.3333,0.744437,44.94
100,fixed_100,learned,STGCN,456,0.5,24,0.250175,0.87847,42.36,15.8196,14,115.848,1,0.15,0.768315,20.8087,23.1,5.4,10,12875,3101,3530,9654,2635,3389,3221,1,10,1,600,0.437177,0.777515,83.3333,0.875253,94.896
173.988,match_CPA-Rule,learned,STGCN,456,0.5,24,0.177508,0.945326,42.36,18.9434,18,188.604,1,0.15,0.884818,24.2795,27.3,11.8,10,19109,3337,3530,15717,3069,3389,3392,1,10,1,600,0.367216,0.905577,83.3333,0.948415,158.688
20,fixed_20,trgat,TR-GAT,42,0.5,46,0.584773,0.547875,42.36,9.59803,7,17.016,1,0.15,0.449169,10.9396,8.9,0.5,10,3415,1934,3530,1418,873,3389,1997,1,10,1,600,0.594455,0.257598,83.3333,0.555968,13.836
50,fixed_50,trgat,TR-GAT,42,0.5,46,0.357079,0.769405,42.36,12.8305,11,60.756,1,0.15,0.624971,16.4616,19.4,2,10,7875,2716,3530,5063,1911,3389,2812,1,10,1,600,0.505773,0.563883,83.3333,0.754552,47.868
100,fixed_100,trgat,TR-GAT,42,0.5,46,0.246391,0.88102,42.36,15.7891,14,117.156,1,0.15,0.773579,20.959,22.9,6.1,10,12955,3110,3530,9763,2636,3389,3192,1,10,1,600,0.434865,0.777811,83.3333,0.87795,95.676
173.988,match_CPA-Rule,trgat,TR-GAT,42,0.5,46,0.178262,0.949292,42.36,19.0184,18,186.804,1,0.15,0.883307,24.2497,27.7,11.8,10,18944,3351,3530,15567,3092,3389,3377,1,10,1,600,0.356046,0.912364,83.3333,0.947404,158.748
20,fixed_20,trgat,TR-GAT,123,0.5,41,0.511054,0.599717,42.36,10.5911,8,24.948,1,0.15,0.495504,12.3687,10.1,0.8,10,4252,2117,3530,2079,1074,3389,2173,1,10,1,600,0.576738,0.316908,83.3333,0.603506,19.824
50,fixed_50,trgat,TR-GAT,123,0.5,41,0.349793,0.764589,42.36,13.2517,11,62.256,1,0.15,0.624906,16.4265,19.4,2,10,7979,2699,3530,5188,1839,3389,2791,1,10,1,600,0.510125,0.542638,83.3333,0.754552,48.84
100,fixed_100,trgat,TR-GAT,123,0.25,41,0.235197,0.883853,42.36,19.2385,18,121.824,1,0.15,0.782372,21.1529,23.1,7.39,10,13274,3120,3530,10152,2686,3389,3122,1,10,1,600,0.400082,0.792564,83.3333,0.869184,99.528
173.988,match_CPA-Rule,trgat,TR-GAT,123,0.5,41,0.171466,0.950992,42.36,19.4635,19,195.756,1,0.15,0.890954,24.4495,27.9,12.1,10,19689,3357,3530,16313,3097,3389,3376,1,10,1,600,0.358624,0.913839,83.3333,0.948753,164.496
20,fixed_20,trgat,TR-GAT,456,0.5,37,0.570924,0.535127,42.36,10.3422,8,17.496,1,0.15,0.465937,11.558,9.4,0.7,10,3398,1889,3530,1458,902,3389,1940,1,10,1,600,0.597538,0.266155,83.3333,0.541807,14.22
50,fixed_50,trgat,TR-GAT,456,0.5,37,0.359597,0.76289,42.36,13.307,11,59.496,1,0.15,0.625982,16.491,19.5,1.9,10,7742,2693,3530,4958,1850,3389,2784,1,10,1,600,0.516187,0.545884,83.3333,0.754889,46.98
100,fixed_100,trgat,TR-GAT,456,0.5,37,0.24583,0.882436,42.36,15.9628,14,117.732,1,0.15,0.779824,21.1345,23.1,6.6,10,13009,3115,3530,9811,2653,3389,3198,1,10,1,600,0.445982,0.782827,83.3333,0.877276,95.796
173.988,match_CPA-Rule,trgat,TR-GAT,456,0.5,37,0.179021,0.947309,42.36,19.1171,18,185.676,1,0.15,0.884347,24.2717,27.8,11.5,10,18847,3344,3530,15473,3078,3389,3374,1,10,1,600,0.36889,0.908233,83.3333,0.951787,158.4
20,fixed_20,trgat,TR-GAT-NT,42,0.5,46,0.582358,0.535411,42.36,9.33333,7,16.704,1,0.15,0.447934,10.9654,8.7,0.6,10,3333,1890,3530,1392,843,3389,1941,1,10,1,600,0.601143,0.248746,83.3333,0.542819,13.26
50,fixed_50,trgat,TR-GAT-NT,42,0.5,46,0.352941,0.769688,42.36,12.737,11,61.908,1,0.15,0.619716,16.3173,19.3,2,10,7973,2717,3530,5159,1866,3389,2814,1,10,1,600,0.509124,0.550605,83.3333,0.761632,48.312
100,fixed_100,trgat,TR-GAT-NT,42,0.5,46,0.24581,0.890368,42.36,15.7306,14,118.812,1,0.15,0.7729,20.9562,23,6.7,10,13128,3143,3530,9901,2672,3389,3227,1,10,1,600,0.437684,0.788433,83.3333,0.87795,96.744
173.988,match_CPA-Rule,trgat,TR-GAT-NT,42,0.5,46,0.176048,0.948725,42.36,18.8621,18,189.72,1,0.15,0.884374,24.2725,27.7,11.88,10,19188,3349,3530,15810,3084,3389,3378,1,10,1,600,0.357915,0.910003,83.3333,0.948415,160.476
20,fixed_20,trgat,TR-GAT-NT,123,0.25,45,0.530932,0.546459,42.36,12.5967,11,20.472,1,0.15,0.490811,11.9682,10.1,0.7,10,3637,1929,3530,1706,981,3389,1931,1,10,1,600,0.555797,0.289466,83.3333,0.54619,15.756
50,fixed_50,trgat,TR-GAT-NT,123,0.5,45,0.345241,0.765439,42.36,12.7716,11,63.564,1,0.15,0.625727,16.4876,19.25,2.1,10,8090,2702,3530,5297,1886,3389,2793,1,10,1,600,0.514878,0.556506,83.3333,0.757923,49.788
100,fixed_100,trgat,TR-GAT-NT,123,0.5,45,0.239034,0.883569,42.36,15.8906,14,121.368,1,0.15,0.779732,21.1358,23,7,10,13291,3119,3530,10114,2666,3389,3177,1,10,1,600,0.443149,0.786663,83.3333,0.87323,98.1
173.988,match_CPA-Rule,trgat,TR-GAT-NT,123,0.5,45,0.174833,0.949292,42.36,19.1187,18,191.376,1,0.15,0.88522,24.3003,27.7,11.6,10,19327,3351,3530,15948,3087,3389,3379,1,10,1,600,0.364959,0.910888,83.3333,0.947741,161.688
20,fixed_20,trgat,TR-GAT-NT,456,0.5,37,0.513783,0.597167,42.36,10.9927,8,24.552,1,0.15,0.499627,12.5218,10.4,0.8,10,4208,2108,3530,2046,1102,3389,2162,1,10,1,600,0.574964,0.32517,83.3333,0.598449,19.968
50,fixed_50,trgat,TR-GAT-NT,456,0.5,37,0.357431,0.756374,42.36,13.2325,11,59.304,1,0.15,0.625891,16.4553,19.6,2,10,7691,2670,3530,4942,1820,3389,2749,1,10,1,600,0.512928,0.537032,83.3333,0.751854,47.064
100,fixed_100,trgat,TR-GAT-NT,456,0.5,37,0.242342,0.881586,42.36,16.0083,15,119.904,1,0.15,0.783476,21.2328,23.1,6.61,10,13188,3112,3530,9992,2665,3389,3196,1,10,1,600,0.441719,0.786368,83.3333,0.873567,98.22
173.988,match_CPA-Rule,trgat,TR-GAT-NT,456,0.5,37,0.176857,0.944476,42.36,19.1332,18,187.884,1,0.15,0.886304,24.3094,27.8,11.8,10,19021,3334,3530,15657,3073,3389,3364,1,10,1,600,0.364403,0.906757,83.3333,0.947741,160.404
20,fixed_20,learned,Tfm-P,42,0.25,27,0.500816,0.606516,42.36,13.1364,11,25.692,1,0.15,0.497424,12.2194,10.3,0.7,10,4289,2141,3530,2141,1092,3389,2148,1,10,1,600,0.518661,0.322219,83.3333,0.5971,19.848
50,fixed_50,learned,Tfm-P,42,0.5,27,0.361082,0.754108,42.36,12.751,11,57.84,1,0.15,0.602045,15.7179,16.35,1.9,10,7544,2662,3530,4820,1775,3389,2724,1,10,1,600,0.500591,0.523753,83.3333,0.742751,44.472
100,fixed_100,learned,Tfm-P,42,0.5,27,0.245959,0.876487,42.36,15.4448,14,116.988,1,0.15,0.76725,20.747,23.1,5.83,10,12929,3094,3530,9749,2613,3389,3180,1,10,1,600,0.43987,0.771024,83.3333,0.86379,92.292
173.988,match_CPA-Rule,learned,Tfm-P,42,0.5,27,0.18012,0.948725,42.36,18.0736,17,185.88,1,0.15,0.883055,24.2393,27.5,11.3,10,18893,3349,3530,15490,3066,3389,3403,1,10,1,600,0.370036,0.904692,83.3333,0.948078,155.04
20,fixed_20,learned,Tfm-P,123,0.5,27,0.546263,0.59915,42.36,9.96022,7,21.42,1,0.15,0.45643,11.0932,8.6,0.6,10,3934,2115,3530,1785,944,3389,2149,1,10,1,600,0.564732,0.278548,83.3333,0.599798,17.628
50,fixed_50,learned,Tfm-P,123,0.5,27,0.361886,0.754674,42.36,12.8803,11,57.66,1,0.15,0.598108,15.5867,15.9,2,10,7530,2664,3530,4805,1759,3389,2725,1,10,1,600,0.505447,0.519032,83.3333,0.747471,45.576
100,fixed_100,learned,Tfm-P,123,0.5,27,0.247607,0.875637,42.36,15.7469,14,115.08,1,0.15,0.766124,20.7052,23.2,5.5,10,12746,3091,3530,9590,2592,3389,3156,1,10,1,600,0.449707,0.764827,83.3333,0.869521,91.452
173.988,match_CPA-Rule,learned,Tfm-P,123,0.5,27,0.167008,0.964023,42.36,19.2889,18,205.116,1,0.15,0.909429,25.0232,28.5,13.1,10,20520,3403,3530,17093,3150,3389,3427,1,10,1,600,0.361751,0.929478,83.3333,0.964262,173.952
20,fixed_20,learned,Tfm-P,456,0.25,26,0.517436,0.595184,42.36,13.374,11,23.58,1,0.15,0.501526,12.3316,10.4,0.7,10,4072,2101,3530,1965,1083,3389,2107,1,10,1,600,0.52533,0.319563,83.3333,0.601821,19.704
50,fixed_50,learned,Tfm-P,456,0.5,26,0.36833,0.758074,42.36,12.736,11,56.82,1,0.15,0.605314,15.8185,17.25,1.7,10,7496,2676,3530,4735,1767,3389,2761,1,10,1,600,0.50713,0.521393,83.3333,0.750506,44.976
100,fixed_100,learned,Tfm-P,456,0.5,26,0.248711,0.88187,42.36,15.3846,14,117.192,1,0.15,0.77818,21.0767,23.6,5.42,10,12999,3113,3530,9766,2610,3389,3233,1,10,1,600,0.448442,0.770139,83.3333,0.867498,95.088
173.988,match_CPA-Rule,learned,Tfm-P,456,0.5,26,0.181127,0.949575,42.36,18.0526,17,184.944,1,0.15,0.890544,24.4598,27.9,11.5,10,18821,3352,3530,15412,3066,3389,3409,1,10,1,600,0.379881,0.904692,83.3333,0.950438,155.688
20,fixed_20,rule,VO,42,,,,,,,,,0,,,,,,10,,,,,,,,,10,1,600,,,,,
50,fixed_50,rule,VO,42,,,,,,,,,0,,,,,,10,,,,,,,,,10,1,600,,,,,
100,fixed_100,rule,VO,42,1,,0.442117,0.505099,42.36,1.15299,1,63.612,1,0,0.409841,10.3688,7.4,0.3,10,9502,1783,3530,5301,762,3389,4201,1,10,1,600,0.5,0.224845,83.3333,0.500337,50.472
173.988,match_CPA-Rule,rule,VO,42,1,,0.442117,0.505099,42.36,1.15299,1,63.612,1,0,0.409841,10.3688,7.4,0.3,10,9502,1783,3530,5301,762,3389,4201,1,10,1,600,0.5,0.224845,83.3333,0.500337,50.472
