budget_kind,kind,method,n_seeds,alpha_mean,alpha_std,budget_mean,budget_std,d_episode_precision,d_event_cdr,d_false_episodes_per_uav_hour,d_timely_cdr,episode_precision_mean,episode_precision_std,event_cdr_mean,event_cdr_std,false_episode_dur_mean_s_mean,false_episode_dur_mean_s_std,false_episodes_per_uav_hour_mean,false_episodes_per_uav_hour_std,hysteresis_mean,hysteresis_std,lead_frac_mean,lead_frac_std,lead_mean_s_mean,lead_mean_s_std,lead_median_s_mean,lead_median_s_std,n_events,p_episode_precision_bonf,p_event_cdr_bonf,p_false_episodes_per_uav_hour_bonf,p_timely_cdr_bonf,threshold_mean,threshold_std,timely_cdr_mean,timely_cdr_std,uav_hours
fixed_100,learned,GAT-S,3,0.416667,0.144338,100,0,0.000885561,0.00547686,-1.076,0.0138684,0.241587,0.000624526,0.876959,0.00117941,16.0637,1.82222,119.98,2.24324,0.15,0,0.767595,0.00174836,20.7534,0.0793302,23.1333,0.11547,3530,1,0.218192,1,0.44326,0.425611,0.0274128,0.770532,0.00139446,83.3333
fixed_100,learned,LSTM-P,3,0.5,0,100,0,-0.0120388,0.00745987,7.012,0.0157372,0.254511,0.00155296,0.874976,0.00325882,15.2722,0.224513,111.892,0.374187,0.15,0,0.769941,0.00114877,20.8286,0.0478381,23.1667,0.152752,3530,0.554136,0.218702,0.265866,0.308866,0.44917,0.000531074,0.768663,0.00177043,83.3333
fixed_100,learned,STGCN,3,0.5,0,100,0,-0.00346862,0.00151086,-0.148,0.00540966,0.245941,0.00370659,0.880925,0.00228977,15.6684,0.1775,119.052,2.78904,0.15,0,0.768884,0.000776696,20.8208,0.0105736,23,0.173206,3530,1,1,1,1,0.439497,0.00254985,0.778991,0.00135219,83.3333
fixed_100,trgat,TR-GAT,3,0.416667,0.144338,100,0,,,,,0.242473,0.00630743,0.882436,0.00141643,16.9968,1.9433,118.904,2.54514,0.15,0,0.778592,0.00452419,21.0821,0.107057,23.0333,0.11547,3530,,,,,0.426976,0.0239451,0.784401,0.00750165,83.3333
fixed_100,trgat,TR-GAT-NT,3,0.5,0,100,0,7.72844e-05,-0.00273843,-1.124,-0.00275401,0.242395,0.00338859,0.885175,0.00460576,15.8765,0.139374,120.028,1.2825,0.15,0,0.778703,0.00536253,21.1083,0.14032,23.0333,0.0577352,3530,1,1,1,1,0.440851,0.00283439,0.787155,0.00111713,83.3333
fixed_100,learned,Tfm-P,3,0.5,0,100,0,-0.00495315,0.00443815,2.484,0.0157372,0.247426,0.0013853,0.877998,0.0033797,15.5254,0.194165,116.42,1.16495,0.15,0,0.770518,0.0066594,20.843,0.203481,23.3,0.264575,3530,1,0.911033,1,0.638367,0.446007,0.00535173,0.768663,0.00335138,83.3333
fixed_100,rule,VO,1,1,0,100,0,,,,,0.442117,0,0.505099,0,1.15299,0,63.612,0,0,0,0.409841,0,10.3688,0,7.4,0,3530,,,,,0.5,0,0.224845,0,83.3333
fixed_20,learned,GAT-S,3,0.5,0,20,0,0.00036487,-0.0181303,-0.344,0.0139668,0.555219,0.00332637,0.579037,0.0155962,9.88799,0.173726,20.164,0.762197,0.15,0,0.449866,0.00762024,10.8395,0.107089,8.3,0.173205,3530,1,1,1,1,0.571245,0.00607078,0.266254,0.0097612,83.3333
fixed_20,learned,LSTM-P,3,0.5,0,20,0,-0.00461743,-0.0400378,-0.612,0.00491787,0.560201,0.0040618,0.600944,0.00639959,9.56181,0.224237,20.432,0.591824,0.15,0,0.444658,0.00364401,10.8016,0.0885434,8.2,0.43589,3530,1,0.988473,1,1,0.574545,0.00457947,0.275302,0.00659142,83.3333
fixed_20,learned,STGCN,3,0.666667,0.288675,20,0,-0.00482737,-0.01983,-0.4,0.0190813,0.560411,0.00624356,0.580737,0.0124549,8.63047,2.55907,20.22,0.778799,0.15,0,0.431545,0.0241852,10.3674,0.643474,7.7,1.13578,3530,1,1,1,1,0.588,0.0344101,0.261139,0.0213331,83.3333
fixed_20,trgat,TR-GAT,3,0.5,0,20,0,,,,,0.555584,0.0391808,0.560907,0.0342097,10.1771,0.516739,19.82,4.44746,0.15,0,0.470203,0.0234601,11.6221,0.716739,9.46667,0.602772,3530,,,,,0.589577,0.0112251,0.28022,0.0320589,83.3333
fixed_20,trgat,TR-GAT-NT,3,0.416667,0.144338,20,0,0.0132257,0.00122757,-0.756,-0.00757352,0.542358,0.0356867,0.559679,0.0329323,10.9742,1.63177,20.576,3.92503,0.15,0,0.479457,0.0276538,11.8185,0.78891,9.73333,0.907377,3530,1,1,1,1,0.577301,0.0227633,0.287794,0.0382393,83.3333
fixed_20,learned,Tfm-P,3,0.333333,0.144338,20,0,0.0340784,-0.0393768,-3.744,-0.0265565,0.521505,0.0229953,0.600283,0.00575008,12.1569,1.90607,23.564,2.13604,0.15,0,0.485127,0.0249365,11.8814,0.684901,9.76667,1.0116,3530,1,0.937386,1,1,0.536241,0.0248981,0.306777,0.0244827,83.3333
fixed_50,learned,GAT-S,3,0.5,0,50,0,3.90242e-05,0.0128423,0.88,0.0354087,0.355451,0.00165846,0.752786,0.00429936,12.3268,0.178927,59.956,0.210713,0.15,0,0.598777,0.00485003,15.604,0.115843,16.2333,0.321455,3530,1,0.0339821,1,0.24836,0.498424,0.00894669,0.515393,0.00801236,83.3333
fixed_50,learned,LSTM-P,3,0.5,0,50,0,-0.0105508,0.00745987,3.66,0.0215403,0.366041,0.00259695,0.758168,0.00589707,12.3242,0.177258,57.176,0.513248,0.15,0,0.596779,0.00131582,15.5705,0.0659655,16.1,0.360555,3530,0.327344,0.971694,0.264774,0.610685,0.506054,0.00226471,0.529261,0.012352,83.3333
fixed_50,learned,STGCN,3,0.5,0,50,0,-0.0126776,0.00745987,3.764,0.032458,0.368167,0.00291103,0.758168,0.00469207,12.7937,0.123275,57.072,1.032,0.15,0,0.591512,0.00668144,15.4196,0.220622,15.9333,0.702377,3530,0.118483,1,0.15978,0.857278,0.499783,0.00595143,0.518344,0.0157811,83.3333
fixed_50,trgat,TR-GAT,3,0.5,0,50,0,,,,,0.35549,0.00509151,0.765628,0.0033797,13.1297,0.260595,60.836,1.38174,0.15,0,0.625286,0.000603461,16.4597,0.0322649,19.4333,0.0577352,3530,,,,,0.510695,0.00523062,0.550802,0.0114446,83.3333
fixed_50,trgat,TR-GAT-NT,3,0.5,0,50,0,0.00361887,0.00179415,-0.756,0.00275401,0.351871,0.00616493,0.763834,0.00680083,12.9137,0.276648,61.592,2.14751,0.15,0,0.623778,0.00351867,16.42,0.0904569,19.3833,0.189297,3530,0.194847,1,1,1,0.51231,0.00292645,0.548048,0.00998606,83.3333
fixed_50,learned,Tfm-P,3,0.5,0,50,0,-0.00827588,0.0100094,3.396,0.0294089,0.363766,0.00397297,0.755619,0.00214501,12.7891,0.079344,57.44,0.544426,0.15,0,0.601822,0.0036084,15.7077,0.11621,16.5,0.687387,3530,0.359215,0.402588,0.151028,0.158617,0.504389,0.00339549,0.521393,0.00236058,83.3333
match_CPA-Rule,rule,CPA-Rule,1,1,0,173.988,0,,,,,0.206765,0,0.739377,0,2.40932,0,216.42,0,0,0,0.561704,0,14.4432,0,12.7,0,3530,,,,,0.5,0,0.443494,0,83.3333
match_CPA-Rule,learned,GAT-S,3,0.5,0,173.988,3.48093e-14,0.00201262,0.00160529,-5.164,0.00757352,0.174237,0.00276823,0.947592,0.000283286,17.9512,0.148351,194.576,3.53954,0.15,0,0.885762,0.00225999,24.3087,0.0591079,27.7,0,3530,1,1,1,0.366152,0.363872,0.0105124,0.903905,0.00103626,83.3333
match_CPA-Rule,learned,LSTM-P,3,0.5,0,173.988,3.48093e-14,0.00487132,-0.0144476,-10.18,-0.0180978,0.171378,0.000397069,0.963645,0.00240932,19.1711,0.0943564,199.592,0.894329,0.15,0,0.908931,0.00209677,25.0112,0.0665058,28.6333,0.152752,3530,0.909265,0.106098,0.426094,0.123873,0.353476,0.00547491,0.929576,0.00238504,83.3333
match_CPA-Rule,rule,Plan-CPA,1,1,0,173.988,0,,,,,0.266727,0,0.855241,0,3.99467,0,193.584,0,0,0,0.738021,0,20.0707,0,25.4,0,3530,,,,,0.5,0,0.673355,0,83.3333
match_CPA-Rule,learned,STGCN,3,0.5,0,173.988,3.48093e-14,0.000840483,-0.000472144,-3.176,0.00334415,0.175409,0.00306598,0.949669,0.00385658,18.8626,0.136923,192.588,4.74128,0.15,0,0.884783,0.00070047,24.2861,0.0107927,27.3333,0.152752,3530,1,1,1,1,0.367815,0.000524374,0.908134,0.00345793,83.3333
match_CPA-Rule,trgat,TR-GAT,3,0.5,0,173.988,3.48093e-14,,,,,0.17625,0.00415985,0.949197,0.00184317,19.1997,0.233737,189.412,5.52294,0.15,0,0.886203,0.0041478,24.3236,0.109588,27.8,0.0999994,3530,,,,,0.361187,0.00679459,0.911478,0.00290613,83.3333
match_CPA-Rule,trgat,TR-GAT-NT,3,0.5,0,173.988,3.48093e-14,0.000337086,0.00169972,-0.248,0.00226222,0.175913,0.00101873,0.947498,0.00263217,19.038,0.152508,189.66,1.74677,0.15,0,0.8853,0.00096773,24.2941,0.0192118,27.7333,0.0577341,3530,1,0.60845,1,0.170454,0.362426,0.00391581,0.909216,0.00217501,83.3333
match_CPA-Rule,learned,Tfm-P,3,0.5,0,173.988,3.48093e-14,0.000164733,-0.00491029,-2.568,-0.00147536,0.176085,0.00787719,0.954108,0.00859716,18.4717,0.707836,191.98,11.3857,0.15,0,0.894343,0.0135913,24.5741,0.404219,27.9667,0.503322,3530,1,1,1,1,0.370556,0.00907599,0.912954,0.0143102,83.3333
match_CPA-Rule,rule,VO,1,1,0,173.988,0,,,,,0.442117,0,0.505099,0,1.15299,0,63.612,0,0,0,0.409841,0,10.3688,0,7.4,0,3530,,,,,0.5,0,0.224845,0,83.3333
