kind,method,n_seeds,persistence,d_episode_precision,d_event_cdr,d_false_episodes_per_uav_hour,d_timely_cdr,episode_precision_mean,episode_precision_std,event_cdr_mean,event_cdr_std,false_episode_dur_mean_s_mean,false_episode_dur_mean_s_std,false_episodes_per_uav_hour_mean,false_episodes_per_uav_hour_std,lead_frac_mean,lead_frac_std,lead_mean_s_mean,lead_mean_s_std,lead_median_s_mean,lead_median_s_std,n_events,p_episode_precision_bonf,p_event_cdr_bonf,p_false_episodes_per_uav_hour_bonf,p_timely_cdr_bonf,timely_cdr_mean,timely_cdr_std,uav_hours
rule,CPA-Rule,1,1,,,,,0.206765,0,0.739377,0,2.40932,0,216.42,0,0.561704,0,14.4432,0,12.7,0,3530,,,,,0.443494,0,83.3333
learned,GAT-S,3,1,-0.009584,0.0331445,27.796,0.0766204,0.26486,0.00534521,0.821624,0.0045178,3.13384,0.00214685,181.568,5.51303,0.672565,0.00626236,17.8939,0.189285,20.6,0.34641,3530,1,0.0715792,0.569128,0.0825824,0.646405,0.0056322,83.3333
learned,LSTM-P,3,1,-0.00946002,0.0122757,23.4,0.0271467,0.264736,0.00603856,0.842493,0.00473181,3.37488,0.101793,185.964,1.72612,0.703288,0.0016409,18.8349,0.0179933,21.3333,0.152752,3530,1,0.554,0.238235,0.308633,0.695879,0.00605677,83.3333
rule,Plan-CPA,1,1,,,,,0.266727,0,0.855241,0,3.99467,0,193.584,0,0.738021,0,20.0707,0,25.4,0,3530,,,,,0.673355,0,83.3333
learned,STGCN,3,1,-0.00871141,0.0205855,28.344,0.0453428,0.263987,0.00462469,0.834183,0.00680673,3.31287,0.0552221,181.02,3.44312,0.686182,0.006079,18.3375,0.21586,21.1667,0.208166,3530,1,0.380116,0.492518,0.290438,0.677683,0.0123308,83.3333
trgat,TR-GAT,3,1,,,,,0.255276,0.00790847,0.854769,0.000589707,3.45156,0.0749966,209.364,6.39771,0.731096,0.00243904,19.6936,0.0768321,21.9667,0.11547,3530,,,,,0.723025,0.00549131,83.3333
trgat,TR-GAT-NT,3,1,0.000361849,-0.000377715,-1.268,-0.00196715,0.254914,0.00573178,0.855146,0.00959137,3.42468,0.0342346,210.632,10.7337,0.729506,0.00253858,19.6433,0.0923595,21.8333,0.0577352,3530,1,1,1,1,0.724993,0.0120185,83.3333
learned,Tfm-P,3,1,-0.000655597,0.0111426,18.056,0.0267532,0.255932,0.00400661,0.843626,0.00333989,3.51334,0.0133181,191.308,4.35906,0.710019,0.0109969,19.0213,0.330866,21.7333,0.450926,3530,1,0.327074,0.796094,0.77911,0.696272,0.00691586,83.3333
rule,VO,1,1,,,,,0.442117,0,0.505099,0,1.15299,0,63.612,0,0.409841,0,10.3688,0,7.4,0,3530,,,,,0.224845,0,83.3333
trgat,abl_bce,3,1,-0.0034888,0.0114259,11.132,0.0194748,0.258765,0.00604843,0.843343,0.00368272,3.5367,0.0664886,198.232,6.51529,0.717342,0.00379237,19.2592,0.118931,21.6,0.1,3530,1,0.479146,0.114076,1,0.703551,0.00860445,83.3333
trgat,abl_no_conf_gate,3,1,-0.00453307,0.016525,13.716,0.0394413,0.259809,0.00652319,0.838244,0.00911812,3.30866,0.168346,195.648,10.9201,0.705341,0.0106711,18.8994,0.347425,21.5667,0.351188,3530,0.834271,1,0.552061,0.902202,0.683584,0.01663,83.3333
trgat,abl_no_gating,3,1,-0.0146743,0.0126534,16.804,0.0238025,0.26995,0.00454795,0.842115,0.010231,3.21652,0.0719047,192.56,7.4671,0.713215,0.00185597,19.1362,0.0916937,21.5333,0.11547,3530,0.319042,1,0.279755,1,0.699223,0.0162861,83.3333
trgat,abl_no_gru,3,1,-0.00905478,0.00745987,9.404,0.00560637,0.264331,0.00360587,0.847309,0.0048325,3.42232,0.112886,199.96,5.33153,0.729398,0.00886697,19.6293,0.281114,21.9667,0.251661,3530,1,1,1,1,0.717419,0.0156759,83.3333
trgat,abl_no_plan,3,1,0.0188385,0.118697,38.012,0.27068,0.236438,0.0093068,0.736072,0.00696408,2.97466,0.0955592,171.352,10.3438,0.550942,0.0116829,14.092,0.349183,13.0667,0.46188,3530,0.128835,0.0169485,0.0972113,0.0250639,0.452346,0.0153863,83.3333
trgat,abl_no_sync,3,1,-6.74021e-05,0.0226629,10.784,0.0296056,0.255343,0.00262183,0.832106,0.00142584,3.48306,0.0982417,198.58,2.52287,0.731294,0.0082286,19.6405,0.2284,21.7667,0.208166,3530,1,0.0182428,1,0.00960293,0.69342,0.00580476,83.3333
trgat,abl_tbptt,3,1,-0.00741048,0.0109537,9.56,0.02036,0.262687,0.0114086,0.843815,0.00797406,3.36058,0.104148,199.804,11.2191,0.721498,0.00977852,19.3709,0.305759,21.7667,0.208166,3530,1,1,1,1,0.702665,0.0161114,83.3333
trgat,abl_telemetry_only,3,1,0.0104787,0.112653,41.18,0.27845,0.244797,0.00888822,0.742115,0.00230723,2.7798,0.0583626,168.184,6.84662,0.545545,0.0117278,13.9695,0.345696,12.3,0.47697,3530,1,0.0017899,0.233575,0.003815,0.444576,0.0122707,83.3333
rule,CPA-Rule,1,3,,,,,0.393452,0,0.579603,0,4.43963,0,50.688,0,0.475952,0,12.4168,0,9.55,0,3530,,,,,0.296548,0,83.3333
learned,GAT-S,3,3,-0.030851,0.0523135,21.348,0.0975706,0.377071,0.00438299,0.686213,0.00263217,4.47888,0.0943888,65.188,1.03828,0.553846,0.00684586,14.9745,0.187743,16.15,0.756637,3530,0.27015,0.0498203,0.015525,0.0995228,0.449493,0.00917259,83.3333
learned,LSTM-P,3,3,-0.0202934,0.0169027,11.676,0.0359005,0.366513,0.00821524,0.721624,0.00127741,4.46693,0.163915,74.86,2.09022,0.580497,0.00694488,15.815,0.18621,18.1667,0.23094,3530,1,0.260164,0.206603,0.224251,0.511164,0.00769643,83.3333
rule,Plan-CPA,1,3,,,,,0.325554,0,0.663456,0,5.13841,0,89.472,0,0.713947,0,19.7771,0,24.8,0,3530,,,,,0.527294,0,83.3333
learned,STGCN,3,3,-0.0222332,0.0372049,16.78,0.0647192,0.368453,0.00625932,0.701322,0.00758198,4.55978,0.0591225,69.756,2.87146,0.570293,0.0108485,15.4753,0.342893,17.65,1.1034,3530,1,0.20994,0.235585,0.18904,0.482345,0.0157728,83.3333
trgat,TR-GAT,3,3,,,,,0.34622,0.00677894,0.738527,0.00299802,4.51536,0.0532383,86.536,1.51772,0.613559,0.00607997,16.8286,0.178652,19.5,0.173206,3530,,,,,0.547064,0.00616129,83.3333
trgat,TR-GAT-NT,3,3,0.00139673,0.00349386,0.092,0.00413101,0.344823,0.00507851,0.735033,0.0133846,4.48752,0.0610093,86.444,4.19843,0.609791,0.00261712,16.7109,0.0984201,19.45,0.0866029,3530,1,1,1,1,0.542933,0.0163652,83.3333
learned,Tfm-P,3,3,-0.00623855,0.0103872,8.064,0.0262614,0.352458,0.00167981,0.72814,0.00847179,4.71989,0.0237506,78.472,2.05611,0.593858,0.0161173,16.2191,0.460897,18.9333,0.776745,3530,1,1,0.128459,1,0.520803,0.0164528,83.3333
rule,VO,1,3,,,,,0.629717,0,0.0705382,0,1.33121,0,1.884,0,0.285233,0,7.09799,0,5.3,0,3530,,,,,0.0224255,0,83.3333
trgat,abl_bce,3,3,-0.00170083,0.0149197,3.348,0.017606,0.347921,0.00643695,0.723607,0.00567516,4.62936,0.0664181,83.188,2.96248,0.603736,0.00196922,16.5081,0.0762894,19.2667,0.0577341,3530,1,1,0.7403,1,0.529458,0.00400618,83.3333
trgat,abl_no_conf_gate,3,3,-0.0118908,0.0285175,9.252,0.0453428,0.358111,0.015974,0.710009,0.016657,4.40724,0.175828,77.284,7.85212,0.585519,0.0163646,15.9638,0.512767,19.0333,0.503322,3530,1,1,1,1,0.501721,0.0295446,83.3333
trgat,abl_no_gating,3,3,-0.0242,0.0240793,12.064,0.0394413,0.37042,0.00943456,0.714448,0.016685,4.28382,0.070921,74.472,5.39457,0.592431,0.00306644,16.1675,0.0400978,19,0.1,3530,0.798903,1,0.83599,0.907281,0.507623,0.0154352,83.3333
trgat,abl_no_gru,3,3,-0.00926761,0.0161473,5.512,0.0109177,0.355487,0.0115993,0.72238,0.0102101,4.56424,0.114143,81.024,4.74437,0.616699,0.00729376,16.9099,0.23827,19.6,0.1,3530,1,0.847014,1,1,0.536146,0.0147801,83.3333
trgat,abl_no_plan,3,3,-0.0253002,0.129556,33.1,0.244418,0.37152,0.0108947,0.608971,0.0148565,4.85373,0.114861,53.436,4.40831,0.431428,0.0121907,11.2098,0.378674,9.3,0.43589,3530,0.122661,0.0793714,0.0329407,0.0352757,0.302646,0.0160654,83.3333
trgat,abl_no_sync,3,3,0.00161251,0.0207743,4.292,0.0303924,0.344607,0.00850128,0.717753,0.00247504,4.59156,0.100143,82.244,2.971,0.610113,0.00827851,16.7152,0.252735,19.0667,0.208166,3530,1,0.0642519,1,0.0211879,0.516672,0.00793958,83.3333
trgat,abl_tbptt,3,3,-0.0112159,0.0169027,6.176,0.0208518,0.357436,0.0167397,0.721624,0.0163531,4.44533,0.118772,80.36,6.72013,0.604677,0.012204,16.5331,0.384306,19.3333,0.251661,3530,1,1,1,1,0.526212,0.0238376,83.3333
trgat,abl_telemetry_only,3,3,-0.0453732,0.116808,35.476,0.251697,0.391593,0.00743807,0.621719,0.00814335,4.34675,0.154811,51.06,2.46193,0.424545,0.0149758,11.0109,0.438288,8.63333,0.450925,3530,0.374859,0.00841116,0.0488444,0.0161986,0.295367,0.0146083,83.3333
