method,seed,persistence,cause,n_events,event_cdr,timely_cdr,lead_median_s
CPA-Rule,42,1,planned_crossing,2498,0.743395,0.44948,13.1
CPA-Rule,42,1,wind_deviation,332,0.716867,0.357143,9.3
CPA-Rule,42,1,nonconforming,429,0.785548,0.452736,11.2
CPA-Rule,42,1,priority_insertion,64,0.671875,0.596774,24.7
CPA-Rule,42,1,noncooperative,207,0.652174,0.444444,16.8
CPA-Rule,42,3,planned_crossing,2498,0.597678,0.314345,10.3
CPA-Rule,42,3,wind_deviation,332,0.506024,0.177019,5.35
CPA-Rule,42,3,nonconforming,429,0.678322,0.310945,7.9
CPA-Rule,42,3,priority_insertion,64,0.59375,0.467742,24.35
CPA-Rule,42,3,noncooperative,207,0.270531,0.191919,13.95
GAT-S,42,1,planned_crossing,2498,0.842274,0.688981,21.1
GAT-S,42,1,wind_deviation,332,0.795181,0.546584,18.45
GAT-S,42,1,nonconforming,429,0.83683,0.587065,15.4
GAT-S,42,1,priority_insertion,64,0.71875,0.612903,20.85
GAT-S,42,1,noncooperative,207,0.550725,0.313131,11.35
GAT-S,42,3,planned_crossing,2498,0.719776,0.486071,17.05
GAT-S,42,3,wind_deviation,332,0.656627,0.369565,12.1
GAT-S,42,3,nonconforming,429,0.729604,0.375622,9.6
GAT-S,42,3,priority_insertion,64,0.59375,0.435484,19
GAT-S,42,3,noncooperative,207,0.217391,0.126263,14.6
GAT-S,123,1,planned_crossing,2498,0.847478,0.698545,21.1
GAT-S,123,1,wind_deviation,332,0.810241,0.580745,17.6
GAT-S,123,1,nonconforming,429,0.829837,0.587065,15.35
GAT-S,123,1,priority_insertion,64,0.671875,0.580645,20.7
GAT-S,123,1,noncooperative,207,0.536232,0.29798,10.7
GAT-S,123,3,planned_crossing,2498,0.724179,0.505198,17.5
GAT-S,123,3,wind_deviation,332,0.671687,0.397516,12.2
GAT-S,123,3,nonconforming,429,0.736597,0.410448,10.5
GAT-S,123,3,priority_insertion,64,0.515625,0.322581,18.7
GAT-S,123,3,noncooperative,207,0.21256,0.126263,12.8
GAT-S,456,1,planned_crossing,2498,0.856285,0.706861,21.7
GAT-S,456,1,wind_deviation,332,0.801205,0.552795,18.1
GAT-S,456,1,nonconforming,429,0.822844,0.567164,14.5
GAT-S,456,1,priority_insertion,64,0.671875,0.564516,21.7
GAT-S,456,1,noncooperative,207,0.565217,0.323232,11.1
GAT-S,456,3,planned_crossing,2498,0.729384,0.503534,18.55
GAT-S,456,3,wind_deviation,332,0.668675,0.369565,12.7
GAT-S,456,3,nonconforming,429,0.729604,0.378109,9.6
GAT-S,456,3,priority_insertion,64,0.453125,0.322581,19.7
GAT-S,456,3,noncooperative,207,0.21256,0.121212,11.05
LSTM-P,42,1,planned_crossing,2498,0.864692,0.750104,21.8
LSTM-P,42,1,wind_deviation,332,0.822289,0.60559,19.7
LSTM-P,42,1,nonconforming,429,0.841492,0.619403,18.3
LSTM-P,42,1,priority_insertion,64,0.75,0.66129,21.55
LSTM-P,42,1,noncooperative,207,0.565217,0.323232,11.1
LSTM-P,42,3,planned_crossing,2498,0.756605,0.570478,18.85
LSTM-P,42,3,wind_deviation,332,0.725904,0.465839,16.1
LSTM-P,42,3,nonconforming,429,0.750583,0.460199,12.4
LSTM-P,42,3,priority_insertion,64,0.5625,0.451613,19.7
LSTM-P,42,3,noncooperative,207,0.26087,0.131313,9.6
LSTM-P,123,1,planned_crossing,2498,0.866693,0.745946,22
LSTM-P,123,1,wind_deviation,332,0.828313,0.596273,19.7
LSTM-P,123,1,nonconforming,429,0.850816,0.616915,17.6
LSTM-P,123,1,priority_insertion,64,0.6875,0.580645,23.7
LSTM-P,123,1,noncooperative,207,0.589372,0.358586,13.35
LSTM-P,123,3,planned_crossing,2498,0.76221,0.560915,19.1
LSTM-P,123,3,wind_deviation,332,0.695783,0.419255,13.5
LSTM-P,123,3,nonconforming,429,0.750583,0.457711,12.3
LSTM-P,123,3,priority_insertion,64,0.578125,0.467742,22.4
LSTM-P,123,3,noncooperative,207,0.256039,0.146465,12.8
LSTM-P,456,1,planned_crossing,2498,0.8747,0.760499,21.7
LSTM-P,456,1,wind_deviation,332,0.849398,0.627329,19.85
LSTM-P,456,1,nonconforming,429,0.841492,0.609453,17.3
LSTM-P,456,1,priority_insertion,64,0.734375,0.645161,20.7
LSTM-P,456,1,noncooperative,207,0.565217,0.328283,11.1
LSTM-P,456,3,planned_crossing,2498,0.765813,0.556341,18.7
LSTM-P,456,3,wind_deviation,332,0.713855,0.453416,14.5
LSTM-P,456,3,nonconforming,429,0.745921,0.425373,11.2
LSTM-P,456,3,priority_insertion,64,0.53125,0.435484,20.3
LSTM-P,456,3,noncooperative,207,0.231884,0.141414,13
Plan-CPA,42,1,planned_crossing,2498,0.876301,0.722661,27.3
Plan-CPA,42,1,wind_deviation,332,0.834337,0.552795,18.7
Plan-CPA,42,1,nonconforming,429,0.83683,0.539801,17
Plan-CPA,42,1,priority_insertion,64,0.84375,0.741935,29.1
Plan-CPA,42,1,noncooperative,207,0.676329,0.520202,21.45
Plan-CPA,42,3,planned_crossing,2498,0.711769,0.587526,25.9
Plan-CPA,42,3,wind_deviation,332,0.569277,0.378882,18.2
Plan-CPA,42,3,nonconforming,429,0.620047,0.425373,18.5
Plan-CPA,42,3,priority_insertion,64,0.703125,0.612903,27.7
Plan-CPA,42,3,noncooperative,207,0.309179,0.217172,16.9
STGCN,42,1,planned_crossing,2498,0.859488,0.72474,21.6
STGCN,42,1,wind_deviation,332,0.807229,0.590062,19.4
STGCN,42,1,nonconforming,429,0.841492,0.61194,16.3
STGCN,42,1,priority_insertion,64,0.71875,0.66129,22.95
STGCN,42,1,noncooperative,207,0.599034,0.358586,11
STGCN,42,3,planned_crossing,2498,0.738591,0.520582,18.9
STGCN,42,3,wind_deviation,332,0.683735,0.400621,12.9
STGCN,42,3,nonconforming,429,0.750583,0.435323,11
STGCN,42,3,priority_insertion,64,0.578125,0.451613,19.9
STGCN,42,3,noncooperative,207,0.236715,0.131313,11
STGCN,123,1,planned_crossing,2498,0.847878,0.712682,21.4
STGCN,123,1,wind_deviation,332,0.819277,0.593168,19.1
STGCN,123,1,nonconforming,429,0.83683,0.606965,16.3
STGCN,123,1,priority_insertion,64,0.734375,0.596774,23.4
STGCN,123,1,noncooperative,207,0.599034,0.363636,13.2
STGCN,123,3,planned_crossing,2498,0.730184,0.515593,18.4
STGCN,123,3,wind_deviation,332,0.665663,0.381988,12.4
STGCN,123,3,nonconforming,429,0.745921,0.437811,11.1
STGCN,123,3,priority_insertion,64,0.53125,0.451613,21.05
STGCN,123,3,noncooperative,207,0.231884,0.156566,16.45
STGCN,456,1,planned_crossing,2498,0.866293,0.74262,21.8
STGCN,456,1,wind_deviation,332,0.834337,0.596273,20.4
STGCN,456,1,nonconforming,429,0.841492,0.616915,15.9
STGCN,456,1,priority_insertion,64,0.703125,0.629032,21.9
STGCN,456,1,noncooperative,207,0.584541,0.383838,12.8
STGCN,456,3,planned_crossing,2498,0.748999,0.548857,19.3
STGCN,456,3,wind_deviation,332,0.680723,0.425466,16.4
STGCN,456,3,nonconforming,429,0.755245,0.452736,12.5
STGCN,456,3,priority_insertion,64,0.515625,0.419355,19.8
STGCN,456,3,noncooperative,207,0.222222,0.156566,16.2
TR-GAT,42,1,planned_crossing,2498,0.889512,0.792516,22.4
TR-GAT,42,1,wind_deviation,332,0.837349,0.645963,20.7
TR-GAT,42,1,nonconforming,429,0.841492,0.641791,19.3
TR-GAT,42,1,priority_insertion,64,0.6875,0.596774,21.9
TR-GAT,42,1,noncooperative,207,0.545894,0.308081,11.1
TR-GAT,42,3,planned_crossing,2498,0.791833,0.618295,19.9
TR-GAT,42,3,wind_deviation,332,0.722892,0.468944,16.8
TR-GAT,42,3,nonconforming,429,0.738928,0.442786,14.4
TR-GAT,42,3,priority_insertion,64,0.546875,0.435484,18.9
TR-GAT,42,3,noncooperative,207,0.236715,0.126263,10.1
TR-GAT,123,1,planned_crossing,2498,0.880304,0.775052,22.4
TR-GAT,123,1,wind_deviation,332,0.840361,0.621118,20.5
TR-GAT,123,1,nonconforming,429,0.855478,0.649254,20
TR-GAT,123,1,priority_insertion,64,0.734375,0.596774,22.1
TR-GAT,123,1,noncooperative,207,0.594203,0.358586,11.5
TR-GAT,123,3,planned_crossing,2498,0.779824,0.599584,20
TR-GAT,123,3,wind_deviation,332,0.722892,0.478261,17.35
TR-GAT,123,3,nonconforming,429,0.762238,0.452736,12.7
TR-GAT,123,3,priority_insertion,64,0.578125,0.451613,20.1
TR-GAT,123,3,noncooperative,207,0.246377,0.121212,9.5
TR-GAT,456,1,planned_crossing,2498,0.885909,0.786694,22.5
TR-GAT,456,1,wind_deviation,332,0.843373,0.63354,21.25
TR-GAT,456,1,nonconforming,429,0.846154,0.619403,19.6
TR-GAT,456,1,priority_insertion,64,0.734375,0.629032,21.6
TR-GAT,456,1,noncooperative,207,0.560386,0.323232,11.4
TR-GAT,456,3,planned_crossing,2498,0.782626,0.615385,20.1
TR-GAT,456,3,wind_deviation,332,0.716867,0.475155,18.25
TR-GAT,456,3,nonconforming,429,0.750583,0.447761,12.15
TR-GAT,456,3,priority_insertion,64,0.546875,0.387097,19
TR-GAT,456,3,noncooperative,207,0.236715,0.136364,14.6
TR-GAT-NT,42,1,planned_crossing,2498,0.893114,0.792516,22.4
TR-GAT-NT,42,1,wind_deviation,332,0.831325,0.642857,21.1
TR-GAT-NT,42,1,nonconforming,429,0.848485,0.644279,19.95
TR-GAT-NT,42,1,priority_insertion,64,0.78125,0.693548,21.25
TR-GAT-NT,42,1,noncooperative,207,0.589372,0.338384,10.75
TR-GAT-NT,42,3,planned_crossing,2498,0.785829,0.614969,19.9
TR-GAT-NT,42,3,wind_deviation,332,0.722892,0.484472,17.9
TR-GAT-NT,42,3,nonconforming,429,0.752914,0.467662,13.3
TR-GAT-NT,42,3,priority_insertion,64,0.5625,0.403226,18.8
TR-GAT-NT,42,3,noncooperative,207,0.246377,0.131313,10.5
TR-GAT-NT,123,1,planned_crossing,2498,0.889512,0.795426,22.3
TR-GAT-NT,123,1,wind_deviation,332,0.831325,0.630435,20.35
TR-GAT-NT,123,1,nonconforming,429,0.86014,0.651741,19.6
TR-GAT-NT,123,1,priority_insertion,64,0.734375,0.612903,21.4
TR-GAT-NT,123,1,noncooperative,207,0.574879,0.318182,11.1
TR-GAT-NT,123,3,planned_crossing,2498,0.789432,0.609979,19.8
TR-GAT-NT,123,3,wind_deviation,332,0.753012,0.496894,17.4
TR-GAT-NT,123,3,nonconforming,429,0.750583,0.465174,14.3
TR-GAT-NT,123,3,priority_insertion,64,0.578125,0.467742,20
TR-GAT-NT,123,3,noncooperative,207,0.236715,0.136364,11.7
TR-GAT-NT,456,1,planned_crossing,2498,0.873899,0.77131,22.2
TR-GAT-NT,456,1,wind_deviation,332,0.825301,0.624224,20.7
TR-GAT-NT,456,1,nonconforming,429,0.850816,0.634328,19.5
TR-GAT-NT,456,1,priority_insertion,64,0.703125,0.596774,21.6
TR-GAT-NT,456,1,noncooperative,207,0.545894,0.313131,11.3
TR-GAT-NT,456,3,planned_crossing,2498,0.767014,0.585863,19.8
TR-GAT-NT,456,3,wind_deviation,332,0.677711,0.440994,17.3
TR-GAT-NT,456,3,nonconforming,429,0.748252,0.432836,11.9
TR-GAT-NT,456,3,priority_insertion,64,0.53125,0.419355,19.95
TR-GAT-NT,456,3,noncooperative,207,0.217391,0.126263,14.6
Tfm-P,42,1,planned_crossing,2498,0.870697,0.745946,22
Tfm-P,42,1,wind_deviation,332,0.822289,0.596273,19.4
Tfm-P,42,1,nonconforming,429,0.839161,0.606965,16.15
Tfm-P,42,1,priority_insertion,64,0.6875,0.580645,21.05
Tfm-P,42,1,noncooperative,207,0.560386,0.338384,11.8
Tfm-P,42,3,planned_crossing,2498,0.76301,0.56341,19.3
Tfm-P,42,3,wind_deviation,332,0.695783,0.437888,14.6
Tfm-P,42,3,nonconforming,429,0.74359,0.420398,10.9
Tfm-P,42,3,priority_insertion,64,0.53125,0.419355,22.5
Tfm-P,42,3,noncooperative,207,0.231884,0.156566,15.7
Tfm-P,123,1,planned_crossing,2498,0.873098,0.757588,22.2
Tfm-P,123,1,wind_deviation,332,0.831325,0.630435,20.6
Tfm-P,123,1,nonconforming,429,0.839161,0.619403,17.55
Tfm-P,123,1,priority_insertion,64,0.703125,0.580645,21.9
Tfm-P,123,1,noncooperative,207,0.545894,0.29798,10.8
Tfm-P,123,3,planned_crossing,2498,0.771817,0.57131,19.4
Tfm-P,123,3,wind_deviation,332,0.728916,0.453416,14.3
Tfm-P,123,3,nonconforming,429,0.757576,0.437811,11.8
Tfm-P,123,3,priority_insertion,64,0.5625,0.403226,21.05
Tfm-P,123,3,noncooperative,207,0.217391,0.121212,10.1
Tfm-P,456,1,planned_crossing,2498,0.874299,0.758004,22.7
Tfm-P,456,1,wind_deviation,332,0.834337,0.63354,21.3
Tfm-P,456,1,nonconforming,429,0.843823,0.61194,19.05
Tfm-P,456,1,priority_insertion,64,0.734375,0.612903,22.7
Tfm-P,456,1,noncooperative,207,0.584541,0.333333,11.1
Tfm-P,456,3,planned_crossing,2498,0.77502,0.59501,20.4
Tfm-P,456,3,wind_deviation,332,0.73494,0.475155,15.85
Tfm-P,456,3,nonconforming,429,0.7669,0.470149,13.3
Tfm-P,456,3,priority_insertion,64,0.5625,0.403226,20.9
Tfm-P,456,3,noncooperative,207,0.251208,0.151515,13.7
VO,42,1,planned_crossing,2498,0.522418,0.239917,7.9
VO,42,1,wind_deviation,332,0.466867,0.142857,3.7
VO,42,1,nonconforming,429,0.582751,0.248756,6.65
VO,42,1,priority_insertion,64,0.46875,0.322581,18.55
VO,42,1,noncooperative,207,0.207729,0.0959596,9.5
VO,42,3,planned_crossing,2498,0.0780624,0.0261954,5.5
VO,42,3,wind_deviation,332,0.0451807,0.0124224,1.9
VO,42,3,nonconforming,429,0.0722611,0.0124378,3.6
VO,42,3,priority_insertion,64,0.109375,0.0483871,8.1
VO,42,3,noncooperative,207,0.00483092,0.00505051,20.4
abl_bce,42,1,planned_crossing,2498,0.868695,0.755925,22.05
abl_bce,42,1,wind_deviation,332,0.828313,0.630435,20.5
abl_bce,42,1,nonconforming,429,0.841492,0.616915,18.3
abl_bce,42,1,priority_insertion,64,0.671875,0.580645,20.9
abl_bce,42,1,noncooperative,207,0.545894,0.313131,11.1
abl_bce,42,3,planned_crossing,2498,0.763811,0.588773,19.7
abl_bce,42,3,wind_deviation,332,0.710843,0.468944,16.4
abl_bce,42,3,nonconforming,429,0.734266,0.435323,11.9
abl_bce,42,3,priority_insertion,64,0.515625,0.387097,18.9
abl_bce,42,3,noncooperative,207,0.207729,0.10101,9.3
abl_bce,123,1,planned_crossing,2498,0.876701,0.77422,22.1
abl_bce,123,1,wind_deviation,332,0.831325,0.627329,20.5
abl_bce,123,1,nonconforming,429,0.839161,0.634328,19.35
abl_bce,123,1,priority_insertion,64,0.71875,0.612903,21.35
abl_bce,123,1,noncooperative,207,0.545894,0.308081,10.9
abl_bce,123,3,planned_crossing,2498,0.777022,0.597505,19.8
abl_bce,123,3,wind_deviation,332,0.713855,0.450311,15.3
abl_bce,123,3,nonconforming,429,0.741259,0.437811,11.85
abl_bce,123,3,priority_insertion,64,0.546875,0.419355,18.9
abl_bce,123,3,noncooperative,207,0.21256,0.131313,11.3
abl_bce,456,1,planned_crossing,2498,0.877502,0.761331,22
abl_bce,456,1,wind_deviation,332,0.813253,0.618012,20.3
abl_bce,456,1,nonconforming,429,0.841492,0.599502,17.6
abl_bce,456,1,priority_insertion,64,0.71875,0.596774,20.85
abl_bce,456,1,noncooperative,207,0.555556,0.30303,10.9
abl_bce,456,3,planned_crossing,2498,0.766613,0.585447,19.6
abl_bce,456,3,wind_deviation,332,0.698795,0.459627,17.95
abl_bce,456,3,nonconforming,429,0.757576,0.447761,12.6
abl_bce,456,3,priority_insertion,64,0.53125,0.403226,18.95
abl_bce,456,3,noncooperative,207,0.227053,0.131313,11.6
abl_no_conf_gate,42,1,planned_crossing,2498,0.869896,0.74553,22.1
abl_no_conf_gate,42,1,wind_deviation,332,0.831325,0.602484,20.45
abl_no_conf_gate,42,1,nonconforming,429,0.829837,0.59204,18.1
abl_no_conf_gate,42,1,priority_insertion,64,0.703125,0.580645,21.4
abl_no_conf_gate,42,1,noncooperative,207,0.545894,0.318182,11.1
abl_no_conf_gate,42,3,planned_crossing,2498,0.756605,0.566736,19.4
abl_no_conf_gate,42,3,wind_deviation,332,0.692771,0.425466,16.45
abl_no_conf_gate,42,3,nonconforming,429,0.750583,0.450249,13.65
abl_no_conf_gate,42,3,priority_insertion,64,0.5,0.33871,18.8
abl_no_conf_gate,42,3,noncooperative,207,0.236715,0.136364,12.2
abl_no_conf_gate,123,1,planned_crossing,2498,0.873499,0.756757,22.4
abl_no_conf_gate,123,1,wind_deviation,332,0.849398,0.636646,21.15
abl_no_conf_gate,123,1,nonconforming,429,0.83683,0.606965,17.4
abl_no_conf_gate,123,1,priority_insertion,64,0.703125,0.596774,21.7
abl_no_conf_gate,123,1,noncooperative,207,0.584541,0.318182,10.8
abl_no_conf_gate,123,3,planned_crossing,2498,0.770616,0.584615,19.9
abl_no_conf_gate,123,3,wind_deviation,332,0.698795,0.462733,17
abl_no_conf_gate,123,3,nonconforming,429,0.738928,0.442786,13.4
abl_no_conf_gate,123,3,priority_insertion,64,0.546875,0.419355,20.1
abl_no_conf_gate,123,3,noncooperative,207,0.222222,0.121212,11.05
abl_no_conf_gate,456,1,planned_crossing,2498,0.853883,0.721414,21.7
abl_no_conf_gate,456,1,wind_deviation,332,0.810241,0.580745,20
abl_no_conf_gate,456,1,nonconforming,429,0.843823,0.594527,17.5
abl_no_conf_gate,456,1,priority_insertion,64,0.703125,0.580645,21.3
abl_no_conf_gate,456,1,noncooperative,207,0.560386,0.30303,10.85
abl_no_conf_gate,456,3,planned_crossing,2498,0.728983,0.519335,19.2
abl_no_conf_gate,456,3,wind_deviation,332,0.665663,0.400621,13.4
abl_no_conf_gate,456,3,nonconforming,429,0.731935,0.39801,10.35
abl_no_conf_gate,456,3,priority_insertion,64,0.5,0.403226,20.4
abl_no_conf_gate,456,3,noncooperative,207,0.256039,0.131313,9.5
abl_no_gating,42,1,planned_crossing,2498,0.879504,0.769647,22
abl_no_gating,42,1,wind_deviation,332,0.822289,0.618012,20.7
abl_no_gating,42,1,nonconforming,429,0.850816,0.629353,19
abl_no_gating,42,1,priority_insertion,64,0.6875,0.580645,20.85
abl_no_gating,42,1,noncooperative,207,0.560386,0.328283,11
abl_no_gating,42,3,planned_crossing,2498,0.769015,0.57422,19.5
abl_no_gating,42,3,wind_deviation,332,0.710843,0.459627,16.2
abl_no_gating,42,3,nonconforming,429,0.74359,0.427861,11.4
abl_no_gating,42,3,priority_insertion,64,0.578125,0.387097,18.7
abl_no_gating,42,3,noncooperative,207,0.21256,0.116162,12.8
abl_no_gating,123,1,planned_crossing,2498,0.879504,0.768815,22
abl_no_gating,123,1,wind_deviation,332,0.825301,0.618012,18.8
abl_no_gating,123,1,nonconforming,429,0.843823,0.624378,19.1
abl_no_gating,123,1,priority_insertion,64,0.734375,0.612903,21.1
abl_no_gating,123,1,noncooperative,207,0.541063,0.313131,12.05
abl_no_gating,123,3,planned_crossing,2498,0.768215,0.572973,19.4
abl_no_gating,123,3,wind_deviation,332,0.692771,0.434783,14.6
abl_no_gating,123,3,nonconforming,429,0.748252,0.452736,12
abl_no_gating,123,3,priority_insertion,64,0.59375,0.403226,18.85
abl_no_gating,123,3,noncooperative,207,0.227053,0.141414,15.6
abl_no_gating,456,1,planned_crossing,2498,0.856685,0.734719,21.9
abl_no_gating,456,1,wind_deviation,332,0.807229,0.574534,20.3
abl_no_gating,456,1,nonconforming,429,0.841492,0.604478,17.3
abl_no_gating,456,1,priority_insertion,64,0.734375,0.645161,21.7
abl_no_gating,456,1,noncooperative,207,0.555556,0.358586,15.9
abl_no_gating,456,3,planned_crossing,2498,0.736189,0.539293,19.5
abl_no_gating,456,3,wind_deviation,332,0.644578,0.406832,15.3
abl_no_gating,456,3,nonconforming,429,0.750583,0.445274,11.75
abl_no_gating,456,3,priority_insertion,64,0.578125,0.451613,20.8
abl_no_gating,456,3,noncooperative,207,0.202899,0.126263,13.6
abl_no_gru,42,1,planned_crossing,2498,0.881105,0.78711,22.4
abl_no_gru,42,1,wind_deviation,332,0.85241,0.65528,20.6
abl_no_gru,42,1,nonconforming,429,0.850816,0.649254,19.6
abl_no_gru,42,1,priority_insertion,64,0.625,0.516129,22.35
abl_no_gru,42,1,noncooperative,207,0.560386,0.333333,12.55
abl_no_gru,42,3,planned_crossing,2498,0.777822,0.60499,20
abl_no_gru,42,3,wind_deviation,332,0.71988,0.47205,17.4
abl_no_gru,42,3,nonconforming,429,0.750583,0.477612,15.5
abl_no_gru,42,3,priority_insertion,64,0.515625,0.435484,20.7
abl_no_gru,42,3,noncooperative,207,0.231884,0.141414,15.2
abl_no_gru,123,1,planned_crossing,2498,0.881505,0.789605,22.6
abl_no_gru,123,1,wind_deviation,332,0.828313,0.639752,20.9
abl_no_gru,123,1,nonconforming,429,0.850816,0.644279,19.9
abl_no_gru,123,1,priority_insertion,64,0.734375,0.596774,21.7
abl_no_gru,123,1,noncooperative,207,0.516908,0.30303,11.4
abl_no_gru,123,3,planned_crossing,2498,0.77502,0.606237,20.2
abl_no_gru,123,3,wind_deviation,332,0.677711,0.431677,18
abl_no_gru,123,3,nonconforming,429,0.741259,0.477612,15.3
abl_no_gru,123,3,priority_insertion,64,0.515625,0.403226,20.7
abl_no_gru,123,3,noncooperative,207,0.193237,0.116162,15.1
abl_no_gru,456,1,planned_crossing,2498,0.867494,0.760499,22.1
abl_no_gru,456,1,wind_deviation,332,0.825301,0.621118,20.6
abl_no_gru,456,1,nonconforming,429,0.841492,0.589552,19
abl_no_gru,456,1,priority_insertion,64,0.703125,0.564516,22
abl_no_gru,456,1,noncooperative,207,0.603865,0.348485,12.8
abl_no_gru,456,3,planned_crossing,2498,0.754203,0.572557,19.9
abl_no_gru,456,3,wind_deviation,332,0.680723,0.468944,17.7
abl_no_gru,456,3,nonconforming,429,0.745921,0.450249,13.6
abl_no_gru,456,3,priority_insertion,64,0.546875,0.387097,18.9
abl_no_gru,456,3,noncooperative,207,0.231884,0.136364,13.7
abl_no_plan,42,1,planned_crossing,2498,0.73779,0.452391,13.2
abl_no_plan,42,1,wind_deviation,332,0.722892,0.357143,9.35
abl_no_plan,42,1,nonconforming,429,0.773893,0.452736,11.5
abl_no_plan,42,1,priority_insertion,64,0.59375,0.5,18.7
abl_no_plan,42,1,noncooperative,207,0.589372,0.373737,14.55
abl_no_plan,42,3,planned_crossing,2498,0.615292,0.309356,9.3
abl_no_plan,42,3,wind_deviation,332,0.560241,0.198758,6.55
abl_no_plan,42,3,nonconforming,429,0.668998,0.30597,7.9
abl_no_plan,42,3,priority_insertion,64,0.453125,0.306452,13.1
abl_no_plan,42,3,noncooperative,207,0.251208,0.141414,13.2
abl_no_plan,123,1,planned_crossing,2498,0.751401,0.481913,14
abl_no_plan,123,1,wind_deviation,332,0.73494,0.416149,11.2
abl_no_plan,123,1,nonconforming,429,0.783217,0.475124,12.1
abl_no_plan,123,1,priority_insertion,64,0.609375,0.5,20.1
abl_no_plan,123,1,noncooperative,207,0.618357,0.383838,14.55
abl_no_plan,123,3,planned_crossing,2498,0.642514,0.340541,10.3
abl_no_plan,123,3,wind_deviation,332,0.596386,0.23913,7.2
abl_no_plan,123,3,nonconforming,429,0.692308,0.318408,7.8
abl_no_plan,123,3,priority_insertion,64,0.421875,0.33871,16.7
abl_no_plan,123,3,noncooperative,207,0.31401,0.20202,13.2
abl_no_plan,456,1,planned_crossing,2498,0.744195,0.45738,13.3
abl_no_plan,456,1,wind_deviation,332,0.725904,0.391304,10.4
abl_no_plan,456,1,nonconforming,429,0.783217,0.462687,11.2
abl_no_plan,456,1,priority_insertion,64,0.546875,0.451613,18.8
abl_no_plan,456,1,noncooperative,207,0.603865,0.393939,14.9
abl_no_plan,456,3,planned_crossing,2498,0.635709,0.319335,9.3
abl_no_plan,456,3,wind_deviation,332,0.590361,0.217391,6.5
abl_no_plan,456,3,nonconforming,429,0.692308,0.308458,7.7
abl_no_plan,456,3,priority_insertion,64,0.421875,0.306452,14.4
abl_no_plan,456,3,noncooperative,207,0.280193,0.166667,12.75
abl_no_sync,42,1,planned_crossing,2498,0.873098,0.760083,22.6
abl_no_sync,42,1,wind_deviation,332,0.825301,0.639752,21.3
abl_no_sync,42,1,nonconforming,429,0.83683,0.621891,19
abl_no_sync,42,1,priority_insertion,64,0.734375,0.645161,22.8
abl_no_sync,42,1,noncooperative,207,0.342995,0.222222,16.6
abl_no_sync,42,3,planned_crossing,2498,0.770216,0.578794,19.7
abl_no_sync,42,3,wind_deviation,332,0.692771,0.478261,18.7
abl_no_sync,42,3,nonconforming,429,0.750583,0.435323,11.8
abl_no_sync,42,3,priority_insertion,64,0.578125,0.516129,19.9
abl_no_sync,42,3,noncooperative,207,0.135266,0.10101,18.2
abl_no_sync,123,1,planned_crossing,2498,0.871898,0.747193,22.2
abl_no_sync,123,1,wind_deviation,332,0.822289,0.627329,20.1
abl_no_sync,123,1,nonconforming,429,0.839161,0.609453,18.1
abl_no_sync,123,1,priority_insertion,64,0.6875,0.596774,20.8
abl_no_sync,123,1,noncooperative,207,0.400966,0.242424,14.9
abl_no_sync,123,3,planned_crossing,2498,0.765813,0.567152,19.4
abl_no_sync,123,3,wind_deviation,332,0.707831,0.437888,16.4
abl_no_sync,123,3,nonconforming,429,0.736597,0.435323,12.5
abl_no_sync,123,3,priority_insertion,64,0.5625,0.435484,18.8
abl_no_sync,123,3,noncooperative,207,0.115942,0.0707071,17.7
abl_no_sync,456,1,planned_crossing,2498,0.872698,0.755509,22.1
abl_no_sync,456,1,wind_deviation,332,0.831325,0.624224,20.65
abl_no_sync,456,1,nonconforming,429,0.846154,0.619403,18.6
abl_no_sync,456,1,priority_insertion,64,0.71875,0.580645,21.35
abl_no_sync,456,1,noncooperative,207,0.371981,0.252525,17.4
abl_no_sync,456,3,planned_crossing,2498,0.769816,0.581289,19.4
abl_no_sync,456,3,wind_deviation,332,0.716867,0.462733,17.9
abl_no_sync,456,3,nonconforming,429,0.736597,0.427861,12.4
abl_no_sync,456,3,priority_insertion,64,0.515625,0.370968,19.7
abl_no_sync,456,3,noncooperative,207,0.125604,0.0858586,16.1
abl_tbptt,42,1,planned_crossing,2498,0.881505,0.782121,22.5
abl_tbptt,42,1,wind_deviation,332,0.825301,0.624224,20.45
abl_tbptt,42,1,nonconforming,429,0.857809,0.636816,19.95
abl_tbptt,42,1,priority_insertion,64,0.703125,0.596774,22
abl_tbptt,42,1,noncooperative,207,0.560386,0.328283,11.35
abl_tbptt,42,3,planned_crossing,2498,0.781025,0.612474,20
abl_tbptt,42,3,wind_deviation,332,0.73494,0.487578,17.15
abl_tbptt,42,3,nonconforming,429,0.736597,0.470149,15.35
abl_tbptt,42,3,priority_insertion,64,0.53125,0.403226,21.9
abl_tbptt,42,3,noncooperative,207,0.251208,0.151515,12.7
abl_tbptt,123,1,planned_crossing,2498,0.873098,0.759252,22.2
abl_tbptt,123,1,wind_deviation,332,0.822289,0.590062,20.3
abl_tbptt,123,1,nonconforming,429,0.839161,0.626866,19.45
abl_tbptt,123,1,priority_insertion,64,0.703125,0.564516,21.7
abl_tbptt,123,1,noncooperative,207,0.594203,0.348485,11.5
abl_tbptt,123,3,planned_crossing,2498,0.770616,0.580042,19.8
abl_tbptt,123,3,wind_deviation,332,0.686747,0.425466,16.2
abl_tbptt,123,3,nonconforming,429,0.752914,0.440299,12.7
abl_tbptt,123,3,priority_insertion,64,0.515625,0.387097,20.7
abl_tbptt,123,3,noncooperative,207,0.251208,0.121212,9.3
abl_tbptt,456,1,planned_crossing,2498,0.86269,0.748441,22
abl_tbptt,456,1,wind_deviation,332,0.813253,0.590062,20.45
abl_tbptt,456,1,nonconforming,429,0.841492,0.609453,17.6
abl_tbptt,456,1,priority_insertion,64,0.6875,0.564516,21.35
abl_tbptt,456,1,noncooperative,207,0.574879,0.313131,11.1
abl_tbptt,456,3,planned_crossing,2498,0.746998,0.563825,19.6
abl_tbptt,456,3,wind_deviation,332,0.662651,0.440994,18.2
abl_tbptt,456,3,nonconforming,429,0.731935,0.430348,11.8
abl_tbptt,456,3,priority_insertion,64,0.53125,0.387097,19.75
abl_tbptt,456,3,noncooperative,207,0.241546,0.121212,9.4
abl_telemetry_only,42,1,planned_crossing,2498,0.748999,0.47027,13.4
abl_telemetry_only,42,1,wind_deviation,332,0.73494,0.385093,10.05
abl_telemetry_only,42,1,nonconforming,429,0.787879,0.457711,11.15
abl_telemetry_only,42,1,priority_insertion,64,0.609375,0.516129,22.4
abl_telemetry_only,42,1,noncooperative,207,0.661836,0.419192,13.9
abl_telemetry_only,42,3,planned_crossing,2498,0.644115,0.328067,9.4
abl_telemetry_only,42,3,wind_deviation,332,0.590361,0.201863,5.85
abl_telemetry_only,42,3,nonconforming,429,0.706294,0.308458,7.7
abl_telemetry_only,42,3,priority_insertion,64,0.53125,0.435484,16.7
abl_telemetry_only,42,3,noncooperative,207,0.410628,0.227273,11.7
abl_telemetry_only,123,1,planned_crossing,2498,0.748199,0.450728,12.8
abl_telemetry_only,123,1,wind_deviation,332,0.716867,0.360248,9.35
abl_telemetry_only,123,1,nonconforming,429,0.773893,0.442786,10.75
abl_telemetry_only,123,1,priority_insertion,64,0.625,0.516129,20.95
abl_telemetry_only,123,1,noncooperative,207,0.661836,0.40404,12.8
abl_telemetry_only,123,3,planned_crossing,2498,0.633307,0.312682,9
abl_telemetry_only,123,3,wind_deviation,332,0.569277,0.186335,5.9
abl_telemetry_only,123,3,nonconforming,429,0.689977,0.300995,7.65
abl_telemetry_only,123,3,priority_insertion,64,0.546875,0.403226,14.4
abl_telemetry_only,123,3,noncooperative,207,0.400966,0.222222,11.8
abl_telemetry_only,456,1,planned_crossing,2498,0.744195,0.444075,12.4
abl_telemetry_only,456,1,wind_deviation,332,0.725904,0.354037,9.3
abl_telemetry_only,456,1,nonconforming,429,0.780886,0.447761,10.6
abl_telemetry_only,456,1,priority_insertion,64,0.625,0.5,18.3
abl_telemetry_only,456,1,noncooperative,207,0.671498,0.419192,13.8
abl_telemetry_only,456,3,planned_crossing,2498,0.626902,0.296881,8.65
abl_telemetry_only,456,3,wind_deviation,332,0.572289,0.186335,4.55
abl_telemetry_only,456,3,nonconforming,429,0.687646,0.276119,7
abl_telemetry_only,456,3,priority_insertion,64,0.515625,0.354839,12
abl_telemetry_only,456,3,noncooperative,207,0.425121,0.222222,10.1
