group,n,w_mean,w_std,w_median,w_p10,w_p90
uav:all,300000,0.647516,0.201749,0.687412,0.392684,0.866825
uav:with_plan,290280,0.669198,0.166,0.695858,0.428039,0.86848
pair:negative,44282952,0.557044,0.211212,0.588374,0.303737,0.79508
pair:positive,78749,0.660287,0.21849,0.726647,0.396742,0.858908
pair:cause:planned_crossing,55722,0.706465,0.145819,0.742818,0.487094,0.863346
pair:cause:wind_deviation,7551,0.714264,0.138983,0.751578,0.501744,0.861798
pair:cause:nonconforming,9641,0.681945,0.151261,0.714129,0.460923,0.849777
pair:cause:noncooperative,4652,0,0,0,0,0
pair:cause:priority_insertion,1183,0.560684,0.13883,0.55291,0.402354,0.750173
