method,regime,cdr_mean,cdr_std,num_positives,n_seeds
TR-GAT,cause:nonconforming,0.448397,0.00687712,9641,3
TR-GAT,cause:noncooperative,0.142018,0.00564794,4652,3
TR-GAT,cause:planned_crossing,0.511695,0.00023422,55722,3
TR-GAT,cause:priority_insertion,0.414765,0.0303056,1183,3
TR-GAT,cause:wind_deviation,0.3905,0.00466407,7551,3
TR-GAT,easy,0.338128,0.00513381,42130,3
TR-GAT,hard,0.619633,0.00458911,36619,3
TR-GAT-NT,cause:nonconforming,0.447948,0.0100341,9641,3
TR-GAT-NT,cause:noncooperative,0.143021,0.0120385,4652,3
TR-GAT-NT,cause:planned_crossing,0.510923,0.0117298,55722,3
TR-GAT-NT,cause:priority_insertion,0.424063,0.0186416,1183,3
TR-GAT-NT,cause:wind_deviation,0.391206,0.015716,7551,3
TR-GAT-NT,easy,0.336498,0.00678803,42130,3
TR-GAT-NT,hard,0.620789,0.0178113,36619,3
GAT-S,cause:nonconforming,0.414169,0.00305589,9641,3
GAT-S,cause:noncooperative,0.138148,0.00212076,4652,3
GAT-S,cause:planned_crossing,0.461529,0.00586252,55722,3
GAT-S,cause:priority_insertion,0.395886,0.0373884,1183,3
GAT-S,cause:wind_deviation,0.337262,0.00235542,7551,3
GAT-S,easy,0.278574,0.00774281,42130,3
GAT-S,hard,0.590722,0.000770621,36619,3
STGCN,cause:nonconforming,0.432459,0.00415586,9641,3
STGCN,cause:noncooperative,0.151261,0.00366276,4652,3
STGCN,cause:planned_crossing,0.474654,0.00931467,55722,3
STGCN,cause:priority_insertion,0.454212,0.0373979,1183,3
STGCN,cause:wind_deviation,0.36163,0.00728059,7551,3
STGCN,easy,0.294066,0.00970662,42130,3
STGCN,hard,0.606261,0.00583364,36619,3
LSTM-P,cause:nonconforming,0.43927,0.00645341,9641,3
LSTM-P,cause:noncooperative,0.148108,0.0085877,4652,3
LSTM-P,cause:planned_crossing,0.494305,0.00628411,55722,3
LSTM-P,cause:priority_insertion,0.484362,0.0227292,1183,3
LSTM-P,cause:wind_deviation,0.374741,0.00306985,7551,3
LSTM-P,easy,0.306456,0.00733275,42130,3
LSTM-P,hard,0.626979,0.00532933,36619,3
Tfm-P,cause:nonconforming,0.449919,0.00556769,9641,3
Tfm-P,cause:noncooperative,0.143737,0.0105623,4652,3
Tfm-P,cause:planned_crossing,0.504618,0.00594078,55722,3
Tfm-P,cause:priority_insertion,0.477036,0.0137693,1183,3
Tfm-P,cause:wind_deviation,0.378316,0.00817372,7551,3
Tfm-P,easy,0.320714,0.015046,42130,3
Tfm-P,hard,0.629018,0.00798256,36619,3
CPA-Rule,cause:nonconforming,0.37745,0,9641,1
CPA-Rule,cause:noncooperative,0.171969,0,4652,1
CPA-Rule,cause:planned_crossing,0.366283,0,55722,1
CPA-Rule,cause:priority_insertion,0.536771,0,1183,1
CPA-Rule,cause:wind_deviation,0.237452,0,7551,1
CPA-Rule,easy,0.2,0,42130,1
CPA-Rule,hard,0.514787,0,36619,1
Plan-CPA,cause:nonconforming,0.347474,0,9641,1
Plan-CPA,cause:noncooperative,0.182072,0,4652,1
Plan-CPA,cause:planned_crossing,0.489017,0,55722,1
Plan-CPA,cause:priority_insertion,0.633981,0,1183,1
Plan-CPA,cause:wind_deviation,0.319295,0,7551,1
Plan-CPA,easy,0.377332,0,42130,1
Plan-CPA,hard,0.510937,0,36619,1
VO,cause:nonconforming,0.118141,0,9641,1
VO,cause:noncooperative,0.0187016,0,4652,1
VO,cause:planned_crossing,0.109167,0,55722,1
VO,cause:priority_insertion,0.144548,0,1183,1
VO,cause:wind_deviation,0.0735002,0,7551,1
VO,easy,0.0455732,0,42130,1
VO,hard,0.16699,0,36619,1
