method,kind,n_seeds,seeds,cdr_mean,cdr_std,far_mean,far_std,f1_mean,f1_std,precision_mean,precision_std,num_missed_positives_mean,num_missed_positives_std,auprc_mean,auprc_std,threshold_mean,threshold_std,cdr_ci_lo,cdr_ci_hi,far_ci_lo,far_ci_hi,f1_ci_lo,f1_ci_hi,latency_p95_ms,graph_build_p95_ms,gnn_forward_p95_ms,pair_scoring_p95_ms,latency_source,params,train_min_mean,epochs_run_mean,best_epoch_mean,git_commits,p_f1_vs_ref,p_cdr_vs_ref,p_far_vs_ref
TR-GAT,trgat,3,42 123 456,0.46903,0.00146916,0.625657,0.00328971,0.416362,0.00150103,0.374343,0.00328971,0,0,0.401985,0.00439252,0.487091,0.0049694,0.455018,0.48501,0.608732,0.64192,0.401314,0.432437,31.3246,22.3571,4.79166,4.17589,eval_only,232226,93.0807,56.3333,41.3333,67d73034 a9880d04 debcf385,,,
TR-GAT-NT,trgat,3,42 123 456,0.468696,0.0118527,0.624993,0.0075302,0.416508,0.000456733,0.375007,0.0075302,0,0,0.402535,0.00326737,0.489457,0.00480724,0.454417,0.484313,0.607345,0.641504,0.401476,0.432991,30.8685,22.3571,4.47635,4.03506,eval_only,230946,85.7632,57.6667,42.6667,3b905a21,1,1,1
GAT-S,learned,3,42 123 456,0.423726,0.00395794,0.593444,0.00499308,0.414931,0.000747815,0.406556,0.00499308,0,0,0.412387,0.00318233,0.491602,0.0100486,0.409079,0.440478,0.574651,0.611768,0.400208,0.431043,27.5871,22.3571,5.23006,0,eval_only,176257,45.0522,45,30,2353857f c69a72d3,1,0.024752,0.0647852
STGCN,learned,3,42 123 456,0.439239,0.00772535,0.596909,0.00421327,0.420336,0.00167042,0.403091,0.00421327,0,0,0.420567,0.00305527,0.488779,0.00616013,0.424129,0.455155,0.579161,0.614798,0.405519,0.436335,26.4942,22.3571,4.13718,0,eval_only,174721,29.3326,36.6667,21.6667,2353857f,0.756299,0.231304,0.162201
LSTM-P,learned,3,42 123 456,0.455502,0.00630072,0.599657,0.00595198,0.426087,0.000685102,0.400343,0.00595198,0,0,0.433856,0.00091721,0.490706,0.00235038,0.441446,0.470778,0.581097,0.617138,0.410989,0.442555,26.3367,22.3571,3.97966,0,eval_only,607233,33.3543,46,31,3b905a21,0.0442777,0.451258,0.146414
Tfm-P,learned,3,42 123 456,0.464078,0.00589061,0.611544,0.00363821,0.42288,0.000556829,0.388456,0.00363821,0,0,0.425961,0.00213753,0.487142,0.00150198,0.451421,0.477202,0.594373,0.62673,0.409458,0.437655,26.669,22.3571,4.31193,0,eval_only,703489,37.9394,41.6667,26.6667,3b905a21,0.139881,1,0.0835189
CPA-Rule,rule,1,42,0.346379,0,0.619785,0,0.362509,0,0.380215,0,0,0,0.138814,0,0.42,0,0.326662,0.367271,0.601604,0.634575,0.345609,0.381394,32.8726,22.3571,10.5155,0,eval_only,0,0,0,0,3b905a21,nan,nan,nan
Plan-CPA,rule,1,42,0.43946,0,0.661472,0,0.382446,0,0.338528,0,0,0,0.15901,0,0.42,0,0.429018,0.451092,0.645927,0.675242,0.370279,0.395952,51.9729,22.3571,29.6158,0,eval_only,0,0,0,0,3b905a21,nan,nan,nan
VO,rule,1,42,0.102033,0,0.572265,0,0.164763,0,0.427735,0,0,0,0.125757,0,0.42,0,0.0940052,0.109611,0.547919,0.595255,0.153023,0.1758,573.757,22.3571,551.4,0,eval_only,0,0,0,0,3b905a21,nan,nan,nan
