method,seed,operating_point,threshold,alpha,hysteresis,group,n,rho_median,rho_mean,frac_lt_1,frac_lt_1.5,frac_lt_2,frac_lt_3,positive_mismatch,negative_mismatch,n_positive_checked,n_negative_checked
TR-GAT,42,val_f1,0.482464,1,0,false_rows,60653,2.3255,3.46206,0,0.243846,0.415726,0.648492,0,0,78749,200000
TR-GAT,42,val_f1,0.482464,1,0,false_episodes,17262,2.70291,4.13645,0,0.183003,0.338026,0.551095,0,0,78749,200000
TR-GAT,42,val_f1,0.482464,1,0,negative_sample,200000,84.585,82.9496,0,0.000915,0.00172,0.00338,0,0,78749,200000
TR-GAT,42,val_f1,0.482464,1,0,positive_check,78749,0.54394,0.547475,1,1,1,1,0,0,78749,200000
TR-GAT,42,budget_20,0.594455,0.5,0.15,false_rows,16048,1.81221,2.44788,0,0.355932,0.564307,0.798293,0,0,78749,200000
TR-GAT,42,budget_20,0.594455,0.5,0.15,false_episodes,1418,1.72889,2.48865,0,0.397038,0.5811,0.787024,0,0,78749,200000
TR-GAT,42,budget_20,0.594455,0.5,0.15,negative_sample,200000,84.585,82.9496,0,0.000915,0.00172,0.00338,0,0,78749,200000
TR-GAT,42,budget_20,0.594455,0.5,0.15,positive_check,78749,0.54394,0.547475,1,1,1,1,0,0,78749,200000
TR-GAT,42,budget_50,0.505773,0.5,0.15,false_rows,71305,2.3998,3.27073,0,0.222986,0.393787,0.643629,0,0,78749,200000
TR-GAT,42,budget_50,0.505773,0.5,0.15,false_episodes,5063,2.3501,3.36211,0,0.236026,0.406676,0.642899,0,0,78749,200000
TR-GAT,42,budget_50,0.505773,0.5,0.15,negative_sample,200000,84.585,82.9496,0,0.000915,0.00172,0.00338,0,0,78749,200000
TR-GAT,42,budget_50,0.505773,0.5,0.15,positive_check,78749,0.54394,0.547475,1,1,1,1,0,0,78749,200000
TR-GAT,42,budget_100,0.434865,0.5,0.15,false_rows,165094,2.97341,4.14477,0,0.152204,0.283196,0.504367,0,0,78749,200000
TR-GAT,42,budget_100,0.434865,0.5,0.15,false_episodes,9763,3.07362,4.44191,0,0.153129,0.279422,0.487862,0,0,78749,200000
TR-GAT,42,budget_100,0.434865,0.5,0.15,negative_sample,200000,84.585,82.9496,0,0.000915,0.00172,0.00338,0,0,78749,200000
TR-GAT,42,budget_100,0.434865,0.5,0.15,positive_check,78749,0.54394,0.547475,1,1,1,1,0,0,78749,200000
TR-GAT,42,budget_173.988,0.356046,0.5,0.15,false_rows,313799,4.01885,5.51805,0,0.102779,0.194153,0.366754,0,0,78749,200000
TR-GAT,42,budget_173.988,0.356046,0.5,0.15,false_episodes,15567,4.23865,5.89038,0,0.103745,0.191944,0.355431,0,0,78749,200000
TR-GAT,42,budget_173.988,0.356046,0.5,0.15,negative_sample,200000,84.585,82.9496,0,0.000915,0.00172,0.00338,0,0,78749,200000
TR-GAT,42,budget_173.988,0.356046,0.5,0.15,positive_check,78749,0.54394,0.547475,1,1,1,1,0,0,78749,200000
GAT-S,42,val_f1,0.497492,1,0,false_rows,47654,2.15978,3.21898,0,0.276094,0.459038,0.684329,0,0,78749,200000
GAT-S,42,val_f1,0.497492,1,0,false_episodes,14782,2.54953,3.91557,0,0.204167,0.366189,0.581789,0,0,78749,200000
GAT-S,42,val_f1,0.497492,1,0,negative_sample,200000,84.585,82.9496,0,0.000915,0.00172,0.00338,0,0,78749,200000
GAT-S,42,val_f1,0.497492,1,0,positive_check,78749,0.54394,0.547475,1,1,1,1,0,0,78749,200000
GAT-S,42,budget_20,0.575225,0.5,0.15,false_rows,19897,1.82964,2.49726,0,0.352918,0.550887,0.775795,0,0,78749,200000
GAT-S,42,budget_20,0.575225,0.5,0.15,false_episodes,1744,1.68704,2.3779,0,0.413991,0.600344,0.793578,0,0,78749,200000
GAT-S,42,budget_20,0.575225,0.5,0.15,negative_sample,200000,84.585,82.9496,0,0.000915,0.00172,0.00338,0,0,78749,200000
GAT-S,42,budget_20,0.575225,0.5,0.15,positive_check,78749,0.54394,0.547475,1,1,1,1,0,0,78749,200000
GAT-S,42,budget_50,0.503125,0.5,0.15,false_rows,67648,2.33156,3.21335,0,0.231581,0.40758,0.651446,0,0,78749,200000
GAT-S,42,budget_50,0.503125,0.5,0.15,false_episodes,5013,2.30994,3.28016,0,0.240575,0.416717,0.649112,0,0,78749,200000
GAT-S,42,budget_50,0.503125,0.5,0.15,negative_sample,200000,84.585,82.9496,0,0.000915,0.00172,0.00338,0,0,78749,200000
GAT-S,42,budget_50,0.503125,0.5,0.15,positive_check,78749,0.54394,0.547475,1,1,1,1,0,0,78749,200000
GAT-S,42,budget_100,0.443521,0.5,0.15,false_rows,163357,2.95828,4.15318,0,0.154533,0.286936,0.507135,0,0,78749,200000
GAT-S,42,budget_100,0.443521,0.5,0.15,false_episodes,10118,3.10569,4.47149,0,0.150721,0.27624,0.483594,0,0,78749,200000
GAT-S,42,budget_100,0.443521,0.5,0.15,negative_sample,200000,84.585,82.9496,0,0.000915,0.00172,0.00338,0,0,78749,200000
GAT-S,42,budget_100,0.443521,0.5,0.15,positive_check,78749,0.54394,0.547475,1,1,1,1,0,0,78749,200000
GAT-S,42,budget_173.988,0.373999,0.5,0.15,false_rows,305418,3.93242,5.37198,0,0.105812,0.199238,0.375318,0,0,78749,200000
GAT-S,42,budget_173.988,0.373999,0.5,0.15,false_episodes,16033,4.28362,5.99045,0,0.102663,0.19017,0.350964,0,0,78749,200000
GAT-S,42,budget_173.988,0.373999,0.5,0.15,negative_sample,200000,84.585,82.9496,0,0.000915,0.00172,0.00338,0,0,78749,200000
GAT-S,42,budget_173.988,0.373999,0.5,0.15,positive_check,78749,0.54394,0.547475,1,1,1,1,0,0,78749,200000
CPA-Rule,42,val_f1,0.5,1,0,false_rows,44464,3.21604,7.36059,0,0.248875,0.371537,0.483695,0,0,78749,200000
CPA-Rule,42,val_f1,0.5,1,0,false_episodes,18035,5.28252,8.61317,0,0.166121,0.286831,0.382146,0,0,78749,200000
CPA-Rule,42,val_f1,0.5,1,0,negative_sample,200000,84.585,82.9496,0,0.000915,0.00172,0.00338,0,0,78749,200000
CPA-Rule,42,val_f1,0.5,1,0,positive_check,78749,0.54394,0.547475,1,1,1,1,0,0,78749,200000
CPA-Rule,42,budget_173.988,0.5,1,0,false_rows,44464,3.21604,7.36059,0,0.248875,0.371537,0.483695,0,0,78749,200000
CPA-Rule,42,budget_173.988,0.5,1,0,false_episodes,18035,5.28252,8.61317,0,0.166121,0.286831,0.382146,0,0,78749,200000
CPA-Rule,42,budget_173.988,0.5,1,0,negative_sample,200000,84.585,82.9496,0,0.000915,0.00172,0.00338,0,0,78749,200000
CPA-Rule,42,budget_173.988,0.5,1,0,positive_check,78749,0.54394,0.547475,1,1,1,1,0,0,78749,200000
Plan-CPA,42,val_f1,0.5,1,0,false_rows,67621,2.63744,4.80535,0,0.225448,0.366987,0.56095,0,0,78749,200000
Plan-CPA,42,val_f1,0.5,1,0,false_episodes,16132,2.8741,5.48257,0,0.190739,0.344471,0.516613,0,0,78749,200000
Plan-CPA,42,val_f1,0.5,1,0,negative_sample,200000,84.585,82.9496,0,0.000915,0.00172,0.00338,0,0,78749,200000
Plan-CPA,42,val_f1,0.5,1,0,positive_check,78749,0.54394,0.547475,1,1,1,1,0,0,78749,200000
Plan-CPA,42,budget_173.988,0.5,1,0,false_rows,67621,2.63744,4.80535,0,0.225448,0.366987,0.56095,0,0,78749,200000
Plan-CPA,42,budget_173.988,0.5,1,0,false_episodes,16132,2.8741,5.48257,0,0.190739,0.344471,0.516613,0,0,78749,200000
Plan-CPA,42,budget_173.988,0.5,1,0,negative_sample,200000,84.585,82.9496,0,0.000915,0.00172,0.00338,0,0,78749,200000
Plan-CPA,42,budget_173.988,0.5,1,0,positive_check,78749,0.54394,0.547475,1,1,1,1,0,0,78749,200000
