sweep,value,adsb_latency_lo_s,adsb_latency_hi_s,packet_loss,in_train_range,method,kind,seed,cdr,far,f1,precision,auprc,num_pairs,num_positives,num_missed_positives,test_snapshots,cache_key
loss,0.0,0.5,1.2,0.0,1,CPA-Rule,rule,42,0.346379001638116,0.6197850601469174,0.36250913681972224,0.38021493985308263,0.13881393661436184,44361701,78749,0,600,14787aa8d23c256e
loss,0.0,0.5,1.2,0.0,1,GAT-S,learned,123,0.42187202377173044,0.5915160457395795,0.4150700591582906,0.4084839542604205,0.41433913563622154,44361701,78749,0,600,14787aa8d23c256e
loss,0.0,0.5,1.2,0.0,1,GAT-S,learned,42,0.4210720136128713,0.5896823530867559,0.41562527418808987,0.4103176469132442,0.4141066503849428,44361701,78749,0,600,14787aa8d23c256e
loss,0.0,0.5,1.2,0.0,1,GAT-S,learned,456,0.4282721050426037,0.5991156438326856,0.41412591019044925,0.4008843561673145,0.4087145594777527,44361701,78749,0,600,14787aa8d23c256e
loss,0.0,0.5,1.2,0.0,1,Plan-CPA,rule,42,0.43945954869268183,0.6614723950385413,0.38244638821507704,0.3385276049614587,0.15900981083877366,44361701,78749,0,600,14787aa8d23c256e
loss,0.0,0.5,1.2,0.0,1,STGCN,learned,123,0.4307229298149818,0.5920598458152428,0.4190220882541879,0.4079401541847571,0.4195416254965745,44361701,78749,0,600,14787aa8d23c256e
loss,0.0,0.5,1.2,0.0,1,STGCN,learned,42,0.44119925332385174,0.5996727695906163,0.4197706870929937,0.40032723040938367,0.4181572734716752,44361701,78749,0,600,14787aa8d23c256e
loss,0.0,0.5,1.2,0.0,1,STGCN,learned,456,0.44580883566775453,0.5989833799760124,0.4222281020361528,0.4010166200239877,0.424003678903985,44361701,78749,0,600,14787aa8d23c256e
loss,0.0,0.5,1.2,0.0,1,TR-GAT,trgat,123,0.47064724631423893,0.628668182865616,0.41513216845878137,0.371331817134384,0.4029725357116563,44361701,78749,0,600,14787aa8d23c256e
loss,0.0,0.5,1.2,0.0,1,TR-GAT,trgat,42,0.46777736860150604,0.6221458611139604,0.41803460074103915,0.3778541388860396,0.4057990792546837,44361701,78749,0,600,14787aa8d23c256e
loss,0.0,0.5,1.2,0.0,1,TR-GAT,trgat,456,0.4686662687780162,0.6261560122767744,0.41591913090515686,0.3738439877232256,0.3971825320270161,44361701,78749,0,600,14787aa8d23c256e
loss,0.0,0.5,1.2,0.0,1,TR-GAT-NT,trgat,123,0.47587905878169884,0.6301797045385018,0.4161992869914817,0.36982029546149825,0.4027027331860473,44361701,78749,0,600,14787aa8d23c256e
loss,0.0,0.5,1.2,0.0,1,TR-GAT-NT,trgat,42,0.47519333578839096,0.6284466067616542,0.41703071368073824,0.37155339323834585,0.4057144105051685,44361701,78749,0,600,14787aa8d23c256e
loss,0.0,0.5,1.2,0.0,1,TR-GAT-NT,trgat,456,0.4550153017816099,0.6163556354993094,0.4162929572228547,0.38364436450069056,0.3991861524526084,44361701,78749,0,600,14787aa8d23c256e
loss,0.1,0.5,1.2,0.1,1,CPA-Rule,rule,42,0.34554089575740643,0.620461677941279,0.3617425753104145,0.37953832205872096,0.13817275737287701,44364639,78749,0,600,4bf75705e564e007
loss,0.1,0.5,1.2,0.1,1,GAT-S,learned,123,0.4215418608490267,0.5916650265695729,0.4148333281264644,0.4083349734304271,0.4139305381322947,44364639,78749,0,600,4bf75705e564e007
loss,0.1,0.5,1.2,0.1,1,GAT-S,learned,42,0.4202466063061118,0.5898573535426143,0.41513315520766697,0.41014264645738574,0.4134474175113792,44364639,78749,0,600,4bf75705e564e007
loss,0.1,0.5,1.2,0.1,1,GAT-S,learned,456,0.42766257349299674,0.5986031322256918,0.4141136543888448,0.4013968677743081,0.40843258219278034,44364639,78749,0,600,4bf75705e564e007
loss,0.1,0.5,1.2,0.1,1,Plan-CPA,rule,42,0.4399420945027873,0.6611073070527242,0.3828621000226546,0.33889269294727575,0.15932646768310518,44364639,78749,0,600,4bf75705e564e007
loss,0.1,0.5,1.2,0.1,1,STGCN,learned,123,0.43051975263177944,0.5921296407689901,0.41888911540671275,0.40787035923100984,0.41916074465930564,44364639,78749,0,600,4bf75705e564e007
loss,0.1,0.5,1.2,0.1,1,STGCN,learned,42,0.4399420945027873,0.5998590931140422,0.419098656634267,0.4001409068859578,0.4176683269979476,44364639,78749,0,600,4bf75705e564e007
loss,0.1,0.5,1.2,0.1,1,STGCN,learned,456,0.44453897827273997,0.5993934885849974,0.4214308931344577,0.4006065114150026,0.42360965675182605,44364639,78749,0,600,4bf75705e564e007
loss,0.1,0.5,1.2,0.1,1,TR-GAT,trgat,123,0.4693519917713241,0.6287975414528326,0.4145468820098699,0.3712024585471673,0.40260876255798256,44364639,78749,0,600,4bf75705e564e007
loss,0.1,0.5,1.2,0.1,1,TR-GAT,trgat,42,0.4676503828620046,0.6225310824800385,0.4177480829438722,0.3774689175199615,0.40527167661434427,44364639,78749,0,600,4bf75705e564e007
loss,0.1,0.5,1.2,0.1,1,TR-GAT,trgat,456,0.468729761647767,0.6257186603258941,0.41621469245080905,0.37428133967410593,0.39689685603908326,44364639,78749,0,600,4bf75705e564e007
loss,0.1,0.5,1.2,0.1,1,TR-GAT-NT,trgat,123,0.47487587143963733,0.6305838190259805,0.4155595930636352,0.36941618097401957,0.4022961406329409,44364639,78749,0,600,4bf75705e564e007
loss,0.1,0.5,1.2,0.1,1,TR-GAT-NT,trgat,42,0.47422824416817994,0.6282044900194136,0.4168108307197786,0.3717955099805864,0.4052876103817701,44364639,78749,0,600,4bf75705e564e007
loss,0.1,0.5,1.2,0.1,1,TR-GAT-NT,trgat,456,0.45496450748580936,0.615810242772583,0.41659254091450826,0.384189757227417,0.3987036855116665,44364639,78749,0,600,4bf75705e564e007
loss,0.2,0.5,1.2,0.2,1,CPA-Rule,rule,42,0.345413910017905,0.6197897738391435,0.36197776313950936,0.38021022616085653,0.1384536102296825,44382715,78749,0,600,e87011ec83ba0829
loss,0.2,0.5,1.2,0.2,1,GAT-S,learned,123,0.420437084915364,0.5915998519797706,0.4143312121837829,0.40840014802022945,0.41341315447494814,44382715,78749,0,600,e87011ec83ba0829
loss,0.2,0.5,1.2,0.2,1,GAT-S,learned,42,0.4189894474850474,0.5904193252066834,0.41423164079418984,0.4095806747933166,0.41278714211221923,44382715,78749,0,600,e87011ec83ba0829
loss,0.2,0.5,1.2,0.2,1,GAT-S,learned,456,0.42644351039378275,0.5988724184474253,0.4133983307482088,0.40112758155257466,0.40814284267844453,44382715,78749,0,600,e87011ec83ba0829
loss,0.2,0.5,1.2,0.2,1,Plan-CPA,rule,42,0.4412754447675526,0.6600569343494126,0.3840373096390602,0.33994306565058746,0.16023423330993106,44382715,78749,0,600,e87011ec83ba0829
loss,0.2,0.5,1.2,0.2,1,STGCN,learned,123,0.4291356080712136,0.5919978751146955,0.4183021098299881,0.40800212488530446,0.4186735389832037,44382715,78749,0,600,e87011ec83ba0829
loss,0.2,0.5,1.2,0.2,1,STGCN,learned,42,0.43868493568172295,0.5993226550992241,0.4188206197565588,0.40067734490077594,0.41725912528848674,44382715,78749,0,600,e87011ec83ba0829
loss,0.2,0.5,1.2,0.2,1,STGCN,learned,456,0.4429897522508222,0.5996580137253552,0.42058750836412734,0.4003419862746448,0.4230785934328836,44382715,78749,0,600,e87011ec83ba0829
loss,0.2,0.5,1.2,0.2,1,TR-GAT,trgat,123,0.46880595309146783,0.6288006756756757,0.41433180887180493,0.37119932432432434,0.40194885954370474,44382715,78749,0,600,e87011ec83ba0829
loss,0.2,0.5,1.2,0.2,1,TR-GAT,trgat,42,0.4663297311711895,0.6228161173365105,0.4170461643291125,0.3771838826634895,0.40514726337254453,44382715,78749,0,600,e87011ec83ba0829
loss,0.2,0.5,1.2,0.2,1,TR-GAT,trgat,456,0.46725672706955007,0.6256536512910249,0.41567302858627564,0.3743463487089751,0.396711301661296,44382715,78749,0,600,e87011ec83ba0829
loss,0.2,0.5,1.2,0.2,1,TR-GAT-NT,trgat,123,0.47360601404462277,0.6305753934843548,0.41507796066909286,0.3694246065156453,0.4018520646113025,44382715,78749,0,600,e87011ec83ba0829
loss,0.2,0.5,1.2,0.2,1,TR-GAT-NT,trgat,42,0.4729075924773648,0.6281403522786276,0.4163401286773954,0.37185964772137237,0.4049988526578544,44382715,78749,0,600,e87011ec83ba0829
loss,0.2,0.5,1.2,0.2,1,TR-GAT-NT,trgat,456,0.45458355026730496,0.6164363012964749,0.41606471446254334,0.38356369870352514,0.39870613884773987,44382715,78749,0,600,e87011ec83ba0829
loss,0.3,0.5,1.2,0.3,1,CPA-Rule,rule,42,0.34557899147925686,0.6197356286504765,0.36209293816319066,0.3802643713495235,0.13844820269234653,44400131,78749,0,600,84081b5812a9242c
loss,0.3,0.5,1.2,0.3,1,GAT-S,learned,123,0.41975136192205614,0.5913586351835827,0.4141218624521577,0.40864136481641733,0.4132915133433542,44400131,78749,0,600,84081b5812a9242c
loss,0.3,0.5,1.2,0.3,1,GAT-S,learned,42,0.41807515016063695,0.5898978574987543,0.4140502675612624,0.41010214250124566,0.41268427053081186,44400131,78749,0,600,84081b5812a9242c
loss,0.3,0.5,1.2,0.3,1,GAT-S,learned,456,0.42566889738282393,0.5981899910098891,0.4133954887959846,0.4018100089901109,0.4081264217632657,44400131,78749,0,600,84081b5812a9242c
loss,0.3,0.5,1.2,0.3,1,Plan-CPA,rule,42,0.4422532349617138,0.6593669920384969,0.38484786536347115,0.3406330079615031,0.16093580170206878,44400131,78749,0,600,84081b5812a9242c
loss,0.3,0.5,1.2,0.3,1,STGCN,learned,123,0.4286784594090084,0.5915596907478433,0.41831474597273854,0.4084403092521567,0.4183389796023298,44400131,78749,0,600,84081b5812a9242c
loss,0.3,0.5,1.2,0.3,1,STGCN,learned,42,0.43802460983631536,0.5984727670620554,0.4189826061607229,0.4015272329379445,0.4171221073860965,44400131,78749,0,600,84081b5812a9242c
loss,0.3,0.5,1.2,0.3,1,STGCN,learned,456,0.44163100483815665,0.5987354478429925,0.42048119937129724,0.4012645521570075,0.42291521991807973,44400131,78749,0,600,84081b5812a9242c
loss,0.3,0.5,1.2,0.3,1,TR-GAT,trgat,123,0.4673964113830017,0.6289878738395476,0.41366405178808247,0.37101212616045237,0.40198498576886865,44400131,78749,0,600,84081b5812a9242c
loss,0.3,0.5,1.2,0.3,1,TR-GAT,trgat,42,0.46591067823083465,0.6223210425545056,0.41718070439750987,0.3776789574454944,0.40510933900769397,44400131,78749,0,600,84081b5812a9242c
loss,0.3,0.5,1.2,0.3,1,TR-GAT,trgat,456,0.4670916456081982,0.6257744859651443,0.415533212833258,0.3742255140348557,0.39649279890805383,44400131,78749,0,600,84081b5812a9242c
loss,0.3,0.5,1.2,0.3,1,TR-GAT-NT,trgat,123,0.47319965967821814,0.6298511020829816,0.41537827022327256,0.3701488979170185,0.40219096245194264,44400131,78749,0,600,84081b5812a9242c
loss,0.3,0.5,1.2,0.3,1,TR-GAT-NT,trgat,42,0.4712567778638459,0.6281574702163262,0.4156884269008468,0.3718425297836738,0.40506329416939785,44400131,78749,0,600,84081b5812a9242c
loss,0.3,0.5,1.2,0.3,1,TR-GAT-NT,trgat,456,0.45440577023200296,0.6160720991363124,0.41620433371715687,0.38392790086368755,0.3987508379094722,44400131,78749,0,600,84081b5812a9242c
loss,0.4,0.5,1.2,0.4,0,CPA-Rule,rule,42,0.34517263711285223,0.6204797408617464,0.36153247634184776,0.3795202591382536,0.138220077428878,44411669,78749,0,600,4738b6617f85badc
loss,0.4,0.5,1.2,0.4,0,GAT-S,learned,123,0.4185576959707425,0.5907804236088695,0.4138359647195455,0.40921957639113055,0.412718552432588,44411669,78749,0,600,4738b6617f85badc
loss,0.4,0.5,1.2,0.4,0,GAT-S,learned,42,0.41695767565302416,0.5903050720568969,0.4132943975228769,0.40969492794310314,0.4120822342944272,44411669,78749,0,600,4738b6617f85badc
loss,0.4,0.5,1.2,0.4,0,GAT-S,learned,456,0.42427205424830794,0.5974335803361648,0.41313433574042935,0.40256641966383516,0.40762504959310686,44411669,78749,0,600,4738b6617f85badc
loss,0.4,0.5,1.2,0.4,0,Plan-CPA,rule,42,0.4430659436945231,0.6588411295369212,0.38549118610547944,0.34115887046307886,0.16161582756425286,44411669,78749,0,600,4738b6617f85badc
loss,0.4,0.5,1.2,0.4,0,STGCN,learned,123,0.4272054248307915,0.5912570164994047,0.41777032690695726,0.40874298350059535,0.4177101480106781,44411669,78749,0,600,4738b6617f85badc
loss,0.4,0.5,1.2,0.4,0,STGCN,learned,42,0.4356118807857878,0.5982667759690831,0.4179871937808809,0.401733224030917,0.41667384473377406,44411669,78749,0,600,4738b6617f85badc
loss,0.4,0.5,1.2,0.4,0,STGCN,learned,456,0.4397516158935352,0.5982318954915655,0.4199026330308046,0.4017681045084345,0.42231786641629543,44411669,78749,0,600,4738b6617f85badc
loss,0.4,0.5,1.2,0.4,0,TR-GAT,trgat,123,0.46629163544933905,0.6283814555059659,0.41360666816850644,0.3716185444940341,0.4018286402590008,44411669,78749,0,600,4738b6617f85badc
loss,0.4,0.5,1.2,0.4,0,TR-GAT,trgat,42,0.4640439878601633,0.6221149073461284,0.41655600075233823,0.3778850926538716,0.40439117400417324,44411669,78749,0,600,4738b6617f85badc
loss,0.4,0.5,1.2,0.4,0,TR-GAT,trgat,456,0.4649963809064242,0.6255100684181999,0.41486432900923353,0.37448993158180016,0.3959042817097048,44411669,78749,0,600,4738b6617f85badc
loss,0.4,0.5,1.2,0.4,0,TR-GAT-NT,trgat,123,0.4714345578991479,0.629686892162828,0.4147998346387191,0.370313107837172,0.40131725970455806,44411669,78749,0,600,4738b6617f85badc
loss,0.4,0.5,1.2,0.4,0,TR-GAT-NT,trgat,42,0.46959326467637685,0.6281698071470228,0.4150322946302812,0.37183019285297725,0.4041763843487695,44411669,78749,0,600,4738b6617f85badc
loss,0.4,0.5,1.2,0.4,0,TR-GAT-NT,trgat,456,0.4529200370798359,0.6163683689713032,0.41540638593998397,0.3836316310286968,0.3982786911073921,44411669,78749,0,600,4738b6617f85badc
loss,0.5,0.5,1.2,0.5,0,CPA-Rule,rule,42,0.344537708415345,0.6201808662541647,0.36131919058748324,0.3798191337458353,0.13802443202141304,44420638,78749,0,600,d156c09d9817a04f
loss,0.5,0.5,1.2,0.5,0,GAT-S,learned,123,0.4163862398252676,0.5900840084008401,0.4131257835089864,0.4099159915991599,0.41169128785740877,44420638,78749,0,600,d156c09d9817a04f
loss,0.5,0.5,1.2,0.5,0,GAT-S,learned,42,0.41543384677900674,0.5892449087210908,0.4130812209981376,0.4107550912789092,0.41121188370517336,44420638,78749,0,600,d156c09d9817a04f
loss,0.5,0.5,1.2,0.5,0,GAT-S,learned,456,0.42227837813813507,0.5965005945591768,0.4126753659338682,0.40349940544082313,0.4062115988459258,44420638,78749,0,600,d156c09d9817a04f
loss,0.5,0.5,1.2,0.5,0,Plan-CPA,rule,42,0.44450088255088954,0.6573911851931603,0.3869598381587238,0.34260881480683963,0.16269166596136125,44420638,78749,0,600,d156c09d9817a04f
loss,0.5,0.5,1.2,0.5,0,STGCN,learned,123,0.42514825585086796,0.5907540735126942,0.4170455536317094,0.4092459264873058,0.4163053295960745,44420638,78749,0,600,d156c09d9817a04f
loss,0.5,0.5,1.2,0.5,0,STGCN,learned,42,0.4333134389008114,0.5962014082006982,0.4180356989721538,0.40379859179930183,0.41552283659248934,44420638,78749,0,600,d156c09d9817a04f
loss,0.5,0.5,1.2,0.5,0,STGCN,learned,456,0.4368817381808023,0.5971428571428572,0.41918013512113994,0.40285714285714286,0.42099056567437004,44420638,78749,0,600,d156c09d9817a04f
loss,0.5,0.5,1.2,0.5,0,TR-GAT,trgat,123,0.4631931834055036,0.6273091384665685,0.41304261667638614,0.3726908615334314,0.40128765809153727,44420638,78749,0,600,d156c09d9817a04f
loss,0.5,0.5,1.2,0.5,0,TR-GAT,trgat,42,0.4621392017676415,0.6214661646314826,0.41617922020001036,0.3785338353685174,0.40321244743871804,44420638,78749,0,600,d156c09d9817a04f
loss,0.5,0.5,1.2,0.5,0,TR-GAT,trgat,456,0.463320169145005,0.6248920508286384,0.41457359232346874,0.3751079491713616,0.3948187551732926,44420638,78749,0,600,d156c09d9817a04f
loss,0.5,0.5,1.2,0.5,0,TR-GAT-NT,trgat,123,0.4694408817889751,0.6282680395784732,0.4149115866148139,0.37173196042152684,0.40069308619529104,44420638,78749,0,600,d156c09d9817a04f
loss,0.5,0.5,1.2,0.5,0,TR-GAT-NT,trgat,42,0.4689583359788696,0.6260215293319426,0.4161173647027009,0.3739784706680574,0.4036017920210776,44420638,78749,0,600,d156c09d9817a04f
loss,0.5,0.5,1.2,0.5,0,TR-GAT-NT,trgat,456,0.45107874385706487,0.6158953287197232,0.41490635347984284,0.3841046712802768,0.39723783973822496,44420638,78749,0,600,d156c09d9817a04f
